threshold,true_positives,false_negatives,true_negatives,false_positives,recall,specificity,precision,retained_for_human_screening,automatically_excluded,workload_reduction_pct
0.1,15,0,22,221,1.0,0.09053497942386832,0.0635593220338983,236,22,8.527131782945736
0.2,15,0,69,174,1.0,0.2839506172839506,0.07936507936507936,189,69,26.744186046511626
0.3,15,0,109,134,1.0,0.448559670781893,0.10067114093959731,149,109,42.248062015503876
0.4,13,2,153,90,0.8666666666666667,0.6296296296296297,0.1262135922330097,103,155,60.07751937984496
0.5,12,3,179,64,0.8,0.7366255144032922,0.15789473684210525,76,182,70.54263565891473
0.6,11,4,192,51,0.7333333333333333,0.7901234567901234,0.1774193548387097,62,196,75.96899224806202
0.7,11,4,205,38,0.7333333333333333,0.8436213991769548,0.22448979591836735,49,209,81.0077519379845
0.8,11,4,217,26,0.7333333333333333,0.8930041152263375,0.2972972972972973,37,221,85.65891472868216
0.9,10,5,233,10,0.6666666666666666,0.9588477366255144,0.5,20,238,92.24806201550388
