review_id,pmid,label_included,jev_probability,rank,percentile_rank_from_top,rank95_cutoff,flag_reason
CD008874,17962241,1,0.49,139,7.6751946607341495,341,probability below fixed 0.50 threshold
CD008874,18349184,1,0.49,140,7.730812013348165,341,probability below fixed 0.50 threshold
CD008874,25024473,1,0.49,141,7.786429365962181,341,probability below fixed 0.50 threshold
CD008874,1610011,1,0.46,144,7.953281423804227,341,probability below fixed 0.50 threshold
CD008874,19194154,1,0.46,145,8.008898776418242,341,probability below fixed 0.50 threshold
CD008874,17491533,1,0.43,150,8.28698553948832,341,probability below fixed 0.50 threshold
CD008874,26137460,1,0.43,152,8.398220244716352,341,probability below fixed 0.50 threshold
CD008874,11939440,1,0.41,154,8.509454949944383,341,probability below fixed 0.50 threshold
CD008874,9509203,1,0.39,157,8.676307007786429,341,probability below fixed 0.50 threshold
CD008874,12873960,1,0.37,165,9.121245828698553,341,probability below fixed 0.50 threshold
CD008874,23748552,1,0.37,169,9.343715239154616,341,probability below fixed 0.50 threshold
CD008874,19020139,1,0.33,181,10.011123470522802,341,probability below fixed 0.50 threshold
CD008874,19735399,1,0.33,182,10.066740823136819,341,probability below fixed 0.50 threshold
CD008874,8795315,1,0.28,190,10.511679644048943,341,probability below fixed 0.50 threshold
CD008874,16732082,1,0.28,193,10.67853170189099,341,probability below fixed 0.50 threshold
CD008874,17323663,1,0.28,194,10.734149054505005,341,probability below fixed 0.50 threshold
CD008874,14616599,1,0.27,198,10.956618464961068,341,probability below fixed 0.50 threshold
CD008874,20118795,1,0.27,201,11.123470522803114,341,probability below fixed 0.50 threshold
CD008874,9691863,1,0.25,208,11.512791991101224,341,probability below fixed 0.50 threshold
CD008874,21749908,1,0.25,211,11.67964404894327,341,probability below fixed 0.50 threshold
CD008874,15271749,1,0.23,216,11.957730812013349,341,probability below fixed 0.50 threshold
CD008874,24163453,1,0.23,217,12.013348164627363,341,probability below fixed 0.50 threshold
CD008874,10861153,1,0.22,220,12.180200222469411,341,probability below fixed 0.50 threshold
CD008874,9245215,1,0.21,225,12.458286985539488,341,probability below fixed 0.50 threshold
CD008874,12351303,1,0.21,226,12.513904338153504,341,probability below fixed 0.50 threshold
CD008874,25431308,1,0.21,232,12.847608453837598,341,probability below fixed 0.50 threshold
CD008874,21081769,1,0.18,255,14.126807563959956,341,probability below fixed 0.50 threshold
CD008874,19457671,1,0.17,262,14.516129032258064,341,probability below fixed 0.50 threshold
CD008874,10451134,1,0.15,280,15.517241379310345,341,probability below fixed 0.50 threshold
CD008874,19700274,1,0.15,286,15.850945494994438,341,probability below fixed 0.50 threshold
CD008874,7576671,1,0.14,301,16.685205784204673,341,probability below fixed 0.50 threshold
CD008874,7818203,1,0.14,302,16.740823136818687,341,probability below fixed 0.50 threshold
CD008874,20703441,1,0.14,311,17.24137931034483,341,probability below fixed 0.50 threshold
CD008874,9476105,1,0.13,333,18.46496106785317,341,probability below fixed 0.50 threshold
CD008874,18634954,1,0.13,341,18.909899888765295,341,probability below fixed 0.50 threshold
CD008874,12514157,1,0.12,369,20.46718576195773,341,rank beyond the 95% recall cutoff
CD008874,19457894,1,0.12,376,20.85650723025584,341,rank beyond the 95% recall cutoff
CD008874,20049576,1,0.12,377,20.912124582869854,341,rank beyond the 95% recall cutoff
CD008874,16163916,1,0.11,412,22.858731924360402,341,rank beyond the 95% recall cutoff
CD008874,20547033,1,0.11,424,23.526140155728587,341,rank beyond the 95% recall cutoff
CD009044,19609662,1,0.34,44,1.3786470022443091,526,probability below fixed 0.50 threshold
CD009044,21610187,1,0.33,49,1.5389547932029497,526,probability below fixed 0.50 threshold
CD009044,22065253,1,0.1,526,16.83231805065726,526,probability below fixed 0.50 threshold
CD011686,9422206,1,0.43,13,0.14942099364960776,1577,probability below fixed 0.50 threshold
CD011686,20192648,1,0.4,20,0.2365832399452123,1577,probability below fixed 0.50 threshold
CD011686,1443841,1,0.37,22,0.2614867388868136,1577,probability below fixed 0.50 threshold
CD011686,14695411,1,0.35,25,0.2988419872992155,1577,probability below fixed 0.50 threshold
CD011686,23042928,1,0.35,27,0.32374548624081684,1577,probability below fixed 0.50 threshold
CD011686,12748134,1,0.32,28,0.33619723571161747,1577,probability below fixed 0.50 threshold
CD011686,24165260,1,0.3,30,0.3611007346532188,1577,probability below fixed 0.50 threshold
CD011686,2048847,1,0.29,31,0.3735524841240194,1577,probability below fixed 0.50 threshold
CD011686,6476515,1,0.28,32,0.38600423359482006,1577,probability below fixed 0.50 threshold
CD011686,11265034,1,0.28,33,0.39845598306562074,1577,probability below fixed 0.50 threshold
CD011686,17655642,1,0.28,34,0.4109077325364214,1577,probability below fixed 0.50 threshold
CD011686,15568161,1,0.26,39,0.4731664798904246,1577,probability below fixed 0.50 threshold
CD011686,16096560,1,0.25,42,0.5105217283028265,1577,probability below fixed 0.50 threshold
CD011686,23357274,1,0.24,45,0.5478769767152285,1577,probability below fixed 0.50 threshold
CD011686,3789288,1,0.23,46,0.5603287261860291,1577,probability below fixed 0.50 threshold
CD011686,10437836,1,0.22,48,0.5852322251276304,1577,probability below fixed 0.50 threshold
CD011686,11003322,1,0.22,49,0.597683974598431,1577,probability below fixed 0.50 threshold
CD011686,11385329,1,0.22,51,0.6225874735400324,1577,probability below fixed 0.50 threshold
CD011686,12675623,1,0.22,52,0.635039223010833,1577,probability below fixed 0.50 threshold
CD011686,12632349,1,0.21,56,0.6848462208940356,1577,probability below fixed 0.50 threshold
CD011686,19820570,1,0.21,59,0.7222014693064376,1577,probability below fixed 0.50 threshold
CD011686,12053848,1,0.2,60,0.7346532187772382,1577,probability below fixed 0.50 threshold
CD011686,20809342,1,0.2,64,0.7844602166604407,1577,probability below fixed 0.50 threshold
CD011686,7796772,1,0.17,77,0.9463329597808492,1577,probability below fixed 0.50 threshold
CD011686,10337876,1,0.17,80,0.9836882081932512,1577,probability below fixed 0.50 threshold
CD011686,2920074,1,0.16,93,1.1455609513136595,1577,probability below fixed 0.50 threshold
CD011686,10420124,1,0.15,117,1.4444029386128752,1577,probability below fixed 0.50 threshold
CD011686,11423803,1,0.15,119,1.4693064375544764,1577,probability below fixed 0.50 threshold
CD011686,11717095,1,0.15,121,1.4942099364960777,1577,probability below fixed 0.50 threshold
CD011686,2667407,1,0.14,138,1.7058896774996888,1577,probability below fixed 0.50 threshold
CD011686,9867048,1,0.14,145,1.7930519237952933,1577,probability below fixed 0.50 threshold
CD011686,2072419,1,0.13,168,2.079442161623708,1577,probability below fixed 0.50 threshold
CD011686,3309353,1,0.13,170,2.1043456605653095,1577,probability below fixed 0.50 threshold
CD011686,16538521,1,0.13,196,2.428091146806126,1577,probability below fixed 0.50 threshold
CD011686,22290498,1,0.13,205,2.540156892043332,1577,probability below fixed 0.50 threshold
CD011686,7572503,1,0.12,238,2.9510646245797534,1577,probability below fixed 0.50 threshold
CD011686,11371842,1,0.12,260,3.2250031129373675,1577,probability below fixed 0.50 threshold
CD011686,15039695,1,0.12,270,3.349520607645374,1577,probability below fixed 0.50 threshold
CD011686,10701614,1,0.11,352,4.3705640642510275,1577,probability below fixed 0.50 threshold
CD011686,15321867,1,0.11,360,4.470178060017433,1577,probability below fixed 0.50 threshold
CD011686,24528980,1,0.11,392,4.868634043083053,1577,probability below fixed 0.50 threshold
CD011686,16394912,1,0.1,507,6.300585232225128,1577,probability below fixed 0.50 threshold
CD011686,19888020,1,0.1,526,6.53716847217034,1577,probability below fixed 0.50 threshold
CD011686,6878504,1,0.09,632,7.857053916075208,1577,probability below fixed 0.50 threshold
CD011686,11177091,1,0.09,703,8.741128128502055,1577,probability below fixed 0.50 threshold
CD011686,11479837,1,0.09,708,8.803386875856058,1577,probability below fixed 0.50 threshold
CD011686,12944893,1,0.09,723,8.990163117918067,1577,probability below fixed 0.50 threshold
CD011686,19875425,1,0.09,770,9.575395343045697,1577,probability below fixed 0.50 threshold
CD011686,21307733,1,0.09,777,9.662557589341302,1577,probability below fixed 0.50 threshold
CD011686,21785095,1,0.09,782,9.724816336695305,1577,probability below fixed 0.50 threshold
CD011686,21854487,1,0.09,783,9.737268086166106,1577,probability below fixed 0.50 threshold
CD011686,20457772,1,0.08,1122,13.958411156767525,1577,probability below fixed 0.50 threshold
CD011686,24035123,1,0.08,1171,14.568546880836758,1577,probability below fixed 0.50 threshold
CD011686,15707805,1,0.07,1577,19.62395716598182,1577,probability below fixed 0.50 threshold
CD011686,12913629,1,0.06,2392,29.772132984684347,1577,rank beyond the 95% recall cutoff
CD011686,22057542,1,0.06,2743,34.142697048935375,1577,rank beyond the 95% recall cutoff
CD011686,21644051,1,0.05,4402,54.80014942099365,1577,rank beyond the 95% recall cutoff
CD012080,1408517,1,0.4,781,12.355456993505465,944,probability below fixed 0.50 threshold
CD012080,8633585,1,0.4,785,12.418818311420878,944,probability below fixed 0.50 threshold
CD012080,17392440,1,0.32,944,14.93743069855853,944,probability below fixed 0.50 threshold
CD012080,7929755,1,0.29,997,15.776968160937747,944,rank beyond the 95% recall cutoff
CD012080,8651161,1,0.24,1137,17.99461428797719,944,rank beyond the 95% recall cutoff
CD012080,10373140,1,0.14,1781,28.195786472358623,944,rank beyond the 95% recall cutoff
CD012233,14725227,1,0.46,67,15.384615384615385,291,probability below fixed 0.50 threshold
CD012233,21633532,1,0.38,88,20.27972027972028,291,probability below fixed 0.50 threshold
CD012233,1859800,1,0.3,109,25.174825174825173,291,probability below fixed 0.50 threshold
CD012233,24413200,1,0.3,110,25.407925407925408,291,probability below fixed 0.50 threshold
CD012233,8008896,1,0.26,131,30.303030303030305,291,probability below fixed 0.50 threshold
CD012233,11525368,1,0.26,132,30.536130536130536,291,probability below fixed 0.50 threshold
CD012233,10759734,1,0.25,137,31.7016317016317,291,probability below fixed 0.50 threshold
CD012233,2320947,1,0.18,188,43.58974358974359,291,probability below fixed 0.50 threshold
CD012233,9038670,1,0.18,190,44.05594405594405,291,probability below fixed 0.50 threshold
CD012233,15249249,1,0.18,192,44.52214452214452,291,probability below fixed 0.50 threshold
CD012233,9362194,1,0.13,257,59.67365967365967,291,probability below fixed 0.50 threshold
CD012233,25865694,1,0.12,291,67.5990675990676,291,probability below fixed 0.50 threshold
CD012233,8153864,1,0.1,310,72.02797202797203,291,rank beyond the 95% recall cutoff
CD012567,16762527,1,0.36,82,1.3817809621289663,106,probability below fixed 0.50 threshold
CD012567,20698810,1,0.32,106,1.7911975435005119,106,probability below fixed 0.50 threshold
CD012669,20234325,1,0.49,266,22.96360485268631,418,probability below fixed 0.50 threshold
CD012669,27401440,1,0.49,268,23.136915077989602,418,probability below fixed 0.50 threshold
CD012669,24740335,1,0.43,288,24.87001733102253,418,probability below fixed 0.50 threshold
CD012669,25159246,1,0.41,296,25.5632582322357,418,probability below fixed 0.50 threshold
CD012669,25805456,1,0.36,321,27.729636048526864,418,probability below fixed 0.50 threshold
CD012669,17715308,1,0.23,418,36.13518197573657,418,probability below fixed 0.50 threshold
CD012669,25405557,1,0.14,611,52.85961871750433,418,rank beyond the 95% recall cutoff
CD012669,20825767,1,0.13,638,55.19930675909879,418,rank beyond the 95% recall cutoff
CD012669,24073336,1,0.13,646,55.892547660311955,418,rank beyond the 95% recall cutoff
CD012768,21270230,1,0.43,78,65.2542372881356,78,probability below fixed 0.50 threshold
CD012768,25014250,1,0.39,83,69.49152542372882,78,rank beyond the 95% recall cutoff
CD012768,27143080,1,0.35,87,72.88135593220339,78,rank beyond the 95% recall cutoff
