record_id,title,label_included,original_jev_probability,original_jev_model,revised_jev_probability,revised_jev_model,probability_difference,absolute_probability_difference
https://openalex.org/w2278365462,"A first-in-human phase 1 study of ACE910, a novel factor VIII–mimetic bispecific antibody, in healthy subjects",1,0.94,jev-1.13.0,0.9,jev-1.13.0,-0.039999999999999925,0.039999999999999925
https://openalex.org/w1565617506,Longer-acting clotting factor concentrates for hemophilia,0,0.47,jev-1.13.0,0.11,jev-1.13.0,-0.36,0.36
https://openalex.org/w1586981128,Clinical severity of haemophilia A: does the classification of the 1950s still stand?,0,0.07,jev-1.13.0,0.05,jev-1.13.0,-0.020000000000000004,0.020000000000000004
https://openalex.org/w1968800426,Safety and prolonged activity of recombinant factor VIII Fc fusion protein in hemophilia A patients,0,0.07,jev-1.13.0,0.06,jev-1.13.0,-0.010000000000000009,0.010000000000000009
https://openalex.org/w1987786669,Non–antigen-contacting region of an asymmetric bispecific antibody to factors IXa/X significantly affects factor VIII-mimetic activity,0,0.25,jev-1.13.0,0.19,jev-1.13.0,-0.06,0.06
https://openalex.org/w2423293822,Innovative Pharmacological Therapies for the Hemophilias Not Based on Deficient Factor Replacement,0,0.37,jev-1.13.0,0.55,jev-1.13.0,0.18000000000000005,0.18000000000000005
https://openalex.org/w2554448004,Generation of a Novel Bispecific Antibody (ACE910) Against Activated Factor IX and Factor X Mimicking the Function of Factor VIII Cofactor Activity,0,0.49,jev-1.13.0,0.37,jev-1.13.0,-0.12,0.12
https://openalex.org/w2777949068,Novel therapies and current clinical progress in hemophilia A,0,0.62,jev-1.13.0,0.65,jev-1.13.0,0.030000000000000027,0.030000000000000027
https://openalex.org/w2984064738,Patient and Family Engagement during Treatment Change to Emicizumab at a Hemophilia Treatment Center,0,0.13,jev-1.13.0,0.13,jev-1.13.0,0.0,0.0
https://openalex.org/w2740901087,Emerging Therapeutic Strategies in the Treatment of Hemophilia A,0,0.37,jev-1.13.0,0.37,jev-1.13.0,0.0,0.0
https://openalex.org/w3029662700,Perinatal Management of Haemophilia,0,0.23,jev-1.13.0,0.17,jev-1.13.0,-0.06,0.06
https://openalex.org/w2400928773,Factor VIII–Mimetic Function of Humanized Bispecific Antibody in Hemophilia A,1,0.97,jev-1.13.0,0.98,jev-1.13.0,0.010000000000000009,0.010000000000000009
https://openalex.org/w2901699979,Bispecific Antibody Emicizumab for Haemophilia A: A Breakthrough for Patients with Inhibitors,0,0.68,jev-1.13.0,0.72,jev-1.13.0,0.039999999999999925,0.039999999999999925
https://openalex.org/w2582019511,ACE910 Facilitates Its Hemostatic Effect with the Lower Concentration of Factor X Than That Required for Factor VIIa-Driven Coagulation,0,0.44,jev-1.13.0,0.64,jev-1.13.0,0.2,0.2
https://openalex.org/w2915849959,"Every 2 Weeks or Every 4 Weeks Subcutaneous Injection of Emicizumab in Pediatric Patients with Severe Hemophilia A without Inhibitors: A Multi-Center, Open-Label Study in Japan (HOHOEMI Study)",0,0.81,jev-1.13.0,0.86,jev-1.13.0,0.04999999999999993,0.04999999999999993
https://openalex.org/w2765207681,"A non-randomized, open-label, single-arm, Phase 2 study of emibetuzumab in Asian patients with MET diagnostic positive, advanced gastric cancer",0,0.08,jev-1.13.0,0.1,jev-1.13.0,0.020000000000000004,0.020000000000000004
https://openalex.org/w2040765285,Novel therapeutic approaches for haemophilia,0,0.55,jev-1.13.0,0.49,jev-1.13.0,-0.06000000000000005,0.06000000000000005
https://openalex.org/w2986457830,Severe Bleeding Events in Hemophilia Α Patients Receiving Emicizumab Prophylaxis,0,0.52,jev-1.13.0,0.38,jev-1.13.0,-0.14,0.14
https://openalex.org/w3003053451,Assessing the potential cost-effectiveness of a gene therapy for the treatment of hemophilia A,0,0.07,jev-1.13.0,0.05,jev-1.13.0,-0.020000000000000004,0.020000000000000004
https://openalex.org/w2987203845,Characterization of a Novel Human Factor VIIa Chimera with Increased Tissue Factor-Independent Activity for Emergency Hemostasis,0,0.16,jev-1.13.0,0.11,jev-1.13.0,-0.05,0.05
https://openalex.org/w2980436529,Management of Persons with Hemophilia A with Inhibitors After Emicizumab Approval,0,0.14,jev-1.13.0,0.2,jev-1.13.0,0.06,0.06
https://openalex.org/w2581647838,Hemostatic Effect of a Novel Bispecific Antibody (ACE910) Against Activated Factor IX and Factor X in an Acquired Hemophilia A Model,0,0.16,jev-1.13.0,0.2,jev-1.13.0,0.04000000000000001,0.04000000000000001
https://openalex.org/w2905598595,Eptacog beta: a novel recombinant human factor VIIa for the treatment of hemophilia A and B with inhibitors,0,0.05,jev-1.13.0,0.05,jev-1.13.0,0.0,0.0
https://openalex.org/w2898177153,PO292 Emicizumab: The Efficacy of Monoclonal Antibodies In Haemophylia A Prophylaxis,0,0.23,jev-1.13.0,0.43,jev-1.13.0,0.19999999999999998,0.19999999999999998
https://openalex.org/w2906587557,PSY57 - A COMPARISON BETWEEN ON DEMAND USAGE OF RFVIIA VS PROPHYLAXIS USE OF EMICIZUMAB IN HIGH TITER INHIBITORY HEMOPHILIA A PATIENTS IN IRAN; A COST UTILITY ANALYSIS,0,0.23,jev-1.13.0,0.34,jev-1.13.0,0.11000000000000001,0.11000000000000001
https://openalex.org/w2857500415,Parenteral protein formulations: An overview of approved products within the European Union,0,0.13,jev-1.13.0,0.09,jev-1.13.0,-0.04000000000000001,0.04000000000000001
https://openalex.org/w2991269818,In Vivo hemostatic Significance of Activated Protein C in Factor VIIIa Regulation,0,0.25,jev-1.13.0,0.15,jev-1.13.0,-0.1,0.1
https://openalex.org/w2810278106,The role of patient and healthcare professionals in the era of new hemophilia treatments in developed and developing countries,0,0.17,jev-1.13.0,0.22,jev-1.13.0,0.04999999999999999,0.04999999999999999
https://openalex.org/w4236939419,Substitution therapy,0,0.43,jev-1.13.0,0.6,jev-1.13.0,0.16999999999999998,0.16999999999999998
https://openalex.org/w2560438049,Rayyan—a web and mobile app for systematic reviews,0,0.04,jev-1.13.0,0.05,jev-1.13.0,0.010000000000000002,0.010000000000000002
https://openalex.org/w2966381410,Immune tolerance induction in paediatric patients with haemophilia A and inhibitors receiving emicizumab prophylaxis,0,0.27,jev-1.13.0,0.4,jev-1.13.0,0.13,0.13
https://openalex.org/w3007966250,"Gene therapy 1·0 in haemophilia: effective and safe, but with many uncertainties",0,0.7,jev-1.13.0,0.17,jev-1.13.0,-0.5299999999999999,0.5299999999999999
https://openalex.org/w2468929266,Enhanced Global Hemostatic Potentials with a Bispecific Antibody to Factors IXa and X (ACE910) in the Whole Blood By Rotation Thromboelastometry (ROTEM),0,0.75,jev-1.13.0,0.9,jev-1.13.0,0.15000000000000002,0.15000000000000002
https://openalex.org/w3042356573,Emicizumab treatment: Impact on coagulation tests and biological monitoring of haemostasis according to clinical situations (BIMHO group proposals),0,0.38,jev-1.13.0,0.41,jev-1.13.0,0.02999999999999997,0.02999999999999997
https://openalex.org/w2460147600,Alternative therapies for the management of inhibitors,0,0.42,jev-1.13.0,0.52,jev-1.13.0,0.10000000000000003,0.10000000000000003
https://openalex.org/w3034093413,Population Pharmacokinetic Analysis and Exploratory Exposure–Bleeding Rate Relationship of Emicizumab in Adult and Pediatric Persons with Hemophilia A,1,0.98,jev-1.13.0,0.99,jev-1.13.0,0.010000000000000009,0.010000000000000009
https://openalex.org/w3016659443,Multispecific drugs herald a new era of biopharmaceutical innovation,0,0.15,jev-1.13.0,0.12,jev-1.13.0,-0.03,0.03
https://openalex.org/w2875545858,Patent mining and landscaping of emerging recombinant factor VIII through network analysis,0,0.07,jev-1.13.0,0.06,jev-1.13.0,-0.010000000000000009,0.010000000000000009
https://openalex.org/w2805799263,Treatment of bleeding episodes in haemophilia A complicated by a factor VIII inhibitor in patients receiving Emicizumab. Interim guidance from UKHCDO Inhibitor Working Party and Executive Committee,0,0.33,jev-1.13.0,0.3,jev-1.13.0,-0.030000000000000027,0.030000000000000027
https://openalex.org/w3004109358,"An anti‐factor IXa/factor X bispecific antibody, emicizumab, improves ex vivo coagulant potentials in plasma from patients with acquired hemophilia A",0,0.52,jev-1.13.0,0.72,jev-1.13.0,0.19999999999999996,0.19999999999999996
https://openalex.org/w3015502221,Elucidating the Excessive Pro-Coagulant Effect of a Sequence Identical Analogue to ACE910 in Combination with Bypassing Agents,0,0.26,jev-1.13.0,0.28,jev-1.13.0,0.020000000000000018,0.020000000000000018
https://openalex.org/w2940425658,Successful use of emicizumab in a patient with refractory acquired hemophilia A and acute coronary syndrome requiring percutaneous coronary intervention,0,0.35,jev-1.13.0,0.35,jev-1.13.0,0.0,0.0
https://openalex.org/w3215501634,Abstracts,0,0.06,jev-1.13.0,0.04,jev-1.13.0,-0.019999999999999997,0.019999999999999997
https://openalex.org/w4234050051,Out of the box,0,0.77,jev-1.13.0,0.8,jev-1.13.0,0.030000000000000027,0.030000000000000027
https://openalex.org/w4238341369,Poster Presentations,0,0.51,jev-1.13.0,0.78,jev-1.13.0,0.27,0.27
https://openalex.org/w2899500116,Abstracts,0,0.86,jev-1.13.0,0.97,jev-1.13.0,0.10999999999999999,0.10999999999999999
https://openalex.org/w2988935613,A Molecular Revolution in the Treatment of Hemophilia,0,0.48,jev-1.13.0,0.52,jev-1.13.0,0.040000000000000036,0.040000000000000036
https://openalex.org/w2936143155,"Efficacy, safety, and pharmacokinetics of emicizumab prophylaxis given every 4 weeks in people with haemophilia A (HAVEN 4): a multicentre, open-label, non-randomised phase 3 study",1,0.98,jev-1.13.0,0.97,jev-1.13.0,-0.010000000000000009,0.010000000000000009
https://openalex.org/w2901613838,Evaluating the safety of emicizumab in patients with hemophilia A,0,0.29,jev-1.13.0,0.54,jev-1.13.0,0.25000000000000006,0.25000000000000006
https://openalex.org/w2901294079,Emicizumab: Review of the literature and critical appraisal,0,0.26,jev-1.13.0,0.55,jev-1.13.0,0.29000000000000004,0.29000000000000004
https://openalex.org/w2900961902,Emicizumab (ACE910): Clinical background and laboratory assessment of hemophilia A,0,0.52,jev-1.13.0,0.65,jev-1.13.0,0.13,0.13
https://openalex.org/w2766748635,"Emicizumab, a bispecific antibody recognizing coagulation factors IX and X: how does it actually compare to factor VIII?",0,0.23,jev-1.13.0,0.37,jev-1.13.0,0.13999999999999999,0.13999999999999999
https://openalex.org/w2784786061,"HAVEN 2 Updated Analysis: Multicenter, Open-Label, Phase 3 Study to Evaluate Efficacy, Safety and Pharmacokinetics of Subcutaneous Administration of Emicizumab Prophylaxis in Pediatric Patients with Hemophilia A with Inhibitors",0,0.98,jev-1.13.0,0.98,jev-1.13.0,0.0,0.0
https://openalex.org/w3094025934,Pharmacokinetics and Pharmacodynamics of Emicizumab in Persons with Hemophilia A with Factor VIII Inhibitors: HAVEN 1 Study,1,0.98,jev-1.13.0,0.98,jev-1.13.0,0.0,0.0
https://openalex.org/w2026336161,Anti‐factor IXa/X bispecific antibody ( <scp>ACE</scp> 910): hemostatic potency against ongoing bleeds in a hemophilia <scp>A</scp> model and the possibility of routine supplementation,0,0.23,jev-1.13.0,0.26,jev-1.13.0,0.03,0.03
https://openalex.org/w2267087160,"Safety and Prophylactic Efficacy Profiles of ACE910, a Humanized Bispecific Antibody Mimicking the FVIII Cofactor Function, in Japanese Hemophilia A Patients Both without and with FVIII Inhibitors: First-in-Patient Phase 1 Study",0,0.93,jev-1.13.0,0.92,jev-1.13.0,-0.010000000000000009,0.010000000000000009
https://openalex.org/w2994883871,PRO141 ESTIMATING UTILITY WEIGHTS IN HEMOPHILIA A PATIENTS WITH INHIBITORS USING THE EQ-5D-5L TOOL: A COMPARISON OF EMICIZUMAB PROPHYLAXIS VERSUS ON-DEMAND TREATMENT WITH BYPASSING AGENTS,0,0.11,jev-1.13.0,0.13,jev-1.13.0,0.020000000000000004,0.020000000000000004
https://openalex.org/w2971488835,Supplement Article,0,0.26,jev-1.13.0,0.21,jev-1.13.0,-0.05000000000000002,0.05000000000000002
https://openalex.org/w4241543371,ABSTRACTS,0,0.3,jev-1.13.0,0.39,jev-1.13.0,0.09000000000000002,0.09000000000000002
https://openalex.org/w2610701591,Pharmacokinetics of Bispecific Antibody,0,0.35,jev-1.13.0,0.16,jev-1.13.0,-0.18999999999999997,0.18999999999999997
https://openalex.org/w3009441212,Pediatric Orphan Drug Indications: 2010–2018,0,0.07,jev-1.13.0,0.06,jev-1.13.0,-0.010000000000000009,0.010000000000000009
https://openalex.org/w4245065482,Emicizumab Prophylaxis Administered Once-weekly or Every Two Weeks Provides Effective Bleed Prevention in Persons with Hemophilia A (PwHA) without Inhibitors - Results from the Phase III HAVEN 3 Study,0,0.88,jev-1.13.0,0.94,jev-1.13.0,0.05999999999999994,0.05999999999999994
https://openalex.org/w2580018851,"Emicizumab. Anti-factor IXa and X monoclonal antibody, Treatment of congenital FVIII deficiency (hemophilia A)",0,0.81,jev-1.13.0,0.79,jev-1.13.0,-0.020000000000000018,0.020000000000000018
https://openalex.org/w2920167286,The Complete Dependence of Factor IX Padua (R338L) Hyperactivity on Factor VIIIa Cofactor Activity Supports Its Safety As a Transgene for Hemophilia B Gene Therapy,0,0.18,jev-1.13.0,0.12,jev-1.13.0,-0.06,0.06
https://openalex.org/w2908874168,Model of the Impact of Delayed Inhibitor Development on Cumulative Breakthrough Bleeds and Costs in Persons with Hemophilia A Receiving Emicizumab Prophylaxis,0,0.25,jev-1.13.0,0.47,jev-1.13.0,0.21999999999999997,0.21999999999999997
https://openalex.org/w3011770026,Prediction of the haemostatic effects of bypassing therapy using comprehensive coagulation assays in emicizumab prophylaxis‐treated haemophilia A patients with inhibitors,0,0.52,jev-1.13.0,0.78,jev-1.13.0,0.26,0.26
https://openalex.org/w3016241183,Utilization of Emicizumab in Acquired Factor VIII Deficiency,0,0.41,jev-1.13.0,0.39,jev-1.13.0,-0.019999999999999962,0.019999999999999962
https://openalex.org/w2500736086,Abstracts,0,0.08,jev-1.13.0,0.05,jev-1.13.0,-0.03,0.03
https://openalex.org/w2518847837,Clinical Course and Management of Surgical Emergency in a Severe Hemophilia a Patient Under Weekly Subcutaneous Administration of a Bispecific Antibody to Factors IXa and X (ACE910),0,0.94,jev-1.13.0,0.71,jev-1.13.0,-0.22999999999999998,0.22999999999999998
https://openalex.org/w2774587119,Optimal database combinations for literature searches in systematic reviews: a prospective exploratory study,0,0.04,jev-1.13.0,0.04,jev-1.13.0,0.0,0.0
https://openalex.org/w3016428066,A boy with joint pain associated with emicizumab treatment: The importance of plasma level measurement,1,0.88,jev-1.13.0,0.87,jev-1.13.0,-0.010000000000000009,0.010000000000000009
https://openalex.org/w4250752666,Speaker Abstracts,0,0.14,jev-1.13.0,0.26,jev-1.13.0,0.12,0.12
https://openalex.org/w2920811089,Emicizumab and its Impact on aPTT-based Assays and FVIII Inhibitor Measurement,0,0.33,jev-1.13.0,0.56,jev-1.13.0,0.23000000000000004,0.23000000000000004
https://openalex.org/w3046170337,Bridging the Missing Link with Emicizumab: A Bispecific Antibody for Treatment of Hemophilia A,0,0.41,jev-1.13.0,0.64,jev-1.13.0,0.23000000000000004,0.23000000000000004
https://openalex.org/w2936584566,The effect of emicizumab regimen on haemophilia outcomes,0,0.87,jev-1.13.0,0.85,jev-1.13.0,-0.020000000000000018,0.020000000000000018
https://openalex.org/w4230805169,Abstracts,0,0.22,jev-1.13.0,0.25,jev-1.13.0,0.03,0.03
https://openalex.org/w4313421986,Clinical Evidence and Safety Profile of Emicizumab for the Management of Children with Hemophilia A,0,0.34,jev-1.13.0,0.37,jev-1.13.0,0.02999999999999997,0.02999999999999997
https://openalex.org/w3006620258,Hemophilia therapy: the future has begun,0,0.34,jev-1.13.0,0.48,jev-1.13.0,0.13999999999999996,0.13999999999999996
https://openalex.org/w2953818448,"RO4 COST-EFFECTIVENESS ANALYSIS OF RFVIIIFC, PEGYLATED RFVIII, AND EMICIZUMAB FOR THE PROPHYLACTIC TREATMENT OF SEVERE HEMOPHILIA A PATIENTS WITHOUT INHIBITORS IN THE UNITED STATES",0,0.2,jev-1.13.0,0.37,jev-1.13.0,0.16999999999999998,0.16999999999999998
https://openalex.org/w2898069252,Emicizumab should be prescribed independent of immune tolerance induction,0,0.36,jev-1.13.0,0.56,jev-1.13.0,0.20000000000000007,0.20000000000000007
https://openalex.org/w4247975056,Abstract,0,0.45,jev-1.13.0,0.42,jev-1.13.0,-0.030000000000000027,0.030000000000000027
https://openalex.org/w4288083134,"Abstract Book: 25th Congress of the European Hematology Association Virtual Edition, 2020",0,0.48,jev-1.13.0,0.74,jev-1.13.0,0.26,0.26
https://openalex.org/w3027531004,&lt;p&gt;Concomitant Use of rFVIIa and Emicizumab in People with Hemophilia A with Inhibitors: Current Perspectives and Emerging Clinical Evidence&lt;/p&gt;,0,0.3,jev-1.13.0,0.29,jev-1.13.0,-0.010000000000000009,0.010000000000000009
https://openalex.org/w3021441237,Emicizumab Prophylaxis in Adolescent/Adult Patients with Hemophilia A Previously Receiving Episodic or Prophylactic Bypassing Agent Treatment: Updated Analyses from the HAVEN 1 Study,0,0.81,jev-1.13.0,0.9,jev-1.13.0,0.08999999999999997,0.08999999999999997
https://openalex.org/w2996135646,PRO104 DETERMINING THE VALUE OF EMICIZUMAB FOR THE PROPHYLAXIS OF SEVERE HAEMOPHILIA A PATIENTS WITHOUT INHIBITORS IN SPAIN BY MULTI-CRITERIA DECISION ANALYSIS (MCDA),0,0.19,jev-1.13.0,0.2,jev-1.13.0,0.010000000000000009,0.010000000000000009
https://openalex.org/w3021084420,Guidelines on the use of prophylactic factor replacement for children and adults with Haemophilia A and B,0,0.6,jev-1.13.0,0.4,jev-1.13.0,-0.19999999999999996,0.19999999999999996
https://openalex.org/w4288316573,Posters Abstracts,0,0.23,jev-1.13.0,0.16,jev-1.13.0,-0.07,0.07
https://openalex.org/w2988943167,Cost-Effectiveness Model of Recombinant FVIII Versus Emicizumab Treatment of Patients With Severe Hemophilia A Without Inhibitors,0,0.18,jev-1.13.0,0.3,jev-1.13.0,0.12,0.12
https://openalex.org/w2986628110,Emicizumab Prophylaxis in Patients with Hemophilia Α with and without Inhibitors,0,0.26,jev-1.13.0,0.33,jev-1.13.0,0.07,0.07
https://openalex.org/w2906655433,"PSY58 - BUDGET IMPACT ANALYSIS OF EMICIZUMAB IN PEDIATRIC HEMOPHILIA A PATIENTS WITH INHIBITORS IN THE MINISTRY OF HEALTH (MOH), KINGDOM OF SAUDI ARABIA",0,0.15,jev-1.13.0,0.16,jev-1.13.0,0.010000000000000009,0.010000000000000009
https://openalex.org/w2945231072,Emicizumab for hemophilia A without inhibitors,0,0.56,jev-1.13.0,0.68,jev-1.13.0,0.12,0.12
https://openalex.org/w3094027310,Determining meaningful health‐related quality‐of‐life improvement in persons with haemophilia A using the Haemophilia Quality of Life Questionnaire for Adults (Haem‐A‐QoL),0,0.19,jev-1.13.0,0.18,jev-1.13.0,-0.010000000000000009,0.010000000000000009
https://openalex.org/w3042667920,Emicizumab treatment and monitoring in a paediatric cohort: real‐world data,1,0.91,jev-1.13.0,0.96,jev-1.13.0,0.04999999999999993,0.04999999999999993
https://openalex.org/w2573405747,Abstracts,0,0.88,jev-1.13.0,0.96,jev-1.13.0,0.07999999999999996,0.07999999999999996
https://openalex.org/w2968825089,The evolution of recombinant factor replacement for hemophilia,0,0.32,jev-1.13.0,0.29,jev-1.13.0,-0.030000000000000027,0.030000000000000027
https://openalex.org/w4242520775,Oral Presentations,0,0.2,jev-1.13.0,0.27,jev-1.13.0,0.07,0.07
https://openalex.org/w2800065495,Routine measurements of factor VIII activity and inhibitor titer in the presence of emicizumab utilizing anti-idiotype monoclonal antibodies,0,0.29,jev-1.13.0,0.28,jev-1.13.0,-0.009999999999999953,0.009999999999999953
https://openalex.org/w2980834985,XXV Congresso Nazionale della Società Italiana per lo Studio dell'Emostasi e della Trombosi (SISET).,0,0.65,jev-1.13.0,0.69,jev-1.13.0,0.039999999999999925,0.039999999999999925
https://openalex.org/w4245118430,PRISMA Statement,0,0.16,jev-1.13.0,0.61,jev-1.13.0,0.44999999999999996,0.44999999999999996
https://openalex.org/w2963804512,Orphan drug development: the increasing role of clinical pharmacology,0,0.16,jev-1.13.0,0.13,jev-1.13.0,-0.03,0.03
https://openalex.org/w2980986601,"Biochemical Characteristics of Emicizumab Activity with Factors IXa, X, and VIIa",0,0.2,jev-1.13.0,0.16,jev-1.13.0,-0.04000000000000001,0.04000000000000001
https://openalex.org/w3028455363,"Evaluation of the Pharmacokinetics, Pharmacodynamics, and Safety of a Single Dose of Emicizumab in Healthy Chinese Subjects",1,0.98,jev-1.13.0,0.98,jev-1.13.0,0.0,0.0
https://openalex.org/w2908456326,Phospholipid-Independent Activity of Fviiia Mimetic Bispecific Antibodies in Plasma,0,0.36,jev-1.13.0,0.26,jev-1.13.0,-0.09999999999999998,0.09999999999999998
https://openalex.org/w2983057487,Mim8 - a Next-Generation FVIII Mimetic Bi-Specific Antibody - Potently Restores the Hemostatic Capacity in Hemophilia a Settings in Vitro and In Vivo,0,0.24,jev-1.13.0,0.22,jev-1.13.0,-0.01999999999999999,0.01999999999999999
https://openalex.org/w2806905912,Shifting landscape of hemophilia therapy: Implications for current clinical laboratory coagulation assays,0,0.31,jev-1.13.0,0.26,jev-1.13.0,-0.04999999999999999,0.04999999999999999
https://openalex.org/w2899483464,"Phase 2/3 Trial of Subcutaneously Administered Marzeptacog Alfa (activated) an Engineered FVIIa in Hemophilia with Inhibitors - Pharmacokinetics, Pharmacodynamics, Safety and Efficacy",0,0.13,jev-1.13.0,0.1,jev-1.13.0,-0.03,0.03
https://openalex.org/w2789183584,"Surgical Experience in Two Multicenter, Open-Label Phase 3 Studies of Emicizumab in Persons with Hemophilia A with Inhibitors (HAVEN 1 and HAVEN 2)",0,0.18,jev-1.13.0,0.27,jev-1.13.0,0.09000000000000002,0.09000000000000002
https://openalex.org/w4256472457,Accepted Abstracts,0,0.45,jev-1.13.0,0.58,jev-1.13.0,0.12999999999999995,0.12999999999999995
https://openalex.org/w2989075726,Evaluation of the in Vitro Procoagulant Effect of Factor IX Concentrates in Patients on Prophylaxis with Emicizumab,0,0.48,jev-1.13.0,0.63,jev-1.13.0,0.15000000000000002,0.15000000000000002
https://openalex.org/w2808215790,In vitro studies show synergistic effects of a procoagulant bispecific antibody and bypassing agents,0,0.1,jev-1.13.0,0.21,jev-1.13.0,0.10999999999999999,0.10999999999999999
https://openalex.org/w2946472167,P89 Emicizumab development in paediatric patients with congenital hemophilia A and inhibitors against factor VIII,0,0.94,jev-1.13.0,0.97,jev-1.13.0,0.030000000000000027,0.030000000000000027
https://openalex.org/w2002307029,Novel products for haemostasis - current status,0,0.68,jev-1.13.0,0.68,jev-1.13.0,0.0,0.0
https://openalex.org/w4249455926,"Abstract Book of Joint 10th BIC and 3rd INHIBITORS in Hemophilia International Conference Genoa, Italy, September 6–8 2019",0,0.38,jev-1.13.0,0.48,jev-1.13.0,0.09999999999999998,0.09999999999999998
https://openalex.org/w2940020323,"Jahrestagung der Deutschen, Österreichischen und Schweizerischen Gesellschaften für Hämatologie und Medizinische Onkologie, Wien, 28. September - 2. Oktober 2018: Abstracts",0,0.43,jev-1.13.0,0.15,jev-1.13.0,-0.28,0.28
https://openalex.org/w2971778387,Increasing of Ternary Complex Formation By Predominant Accumulation of Factor (F)X Accompanied By Increase of Fixa Contributes to Enhancement of Clotting Function By Apcc in Combination with Emicizumab,0,0.69,jev-1.13.0,0.96,jev-1.13.0,0.27,0.27
https://openalex.org/w2898408199,Emicizumab for routine prophylaxis to prevent bleeding episodes in patients with hemophilia A,0,0.73,jev-1.13.0,0.72,jev-1.13.0,-0.010000000000000009,0.010000000000000009
https://openalex.org/w2947378035,Emicizumab for the prevention of bleeds in hemophilia A,0,0.84,jev-1.13.0,0.83,jev-1.13.0,-0.010000000000000009,0.010000000000000009
https://openalex.org/w3003225509,Investigational drugs to treat hemophilia,0,0.26,jev-1.13.0,0.23,jev-1.13.0,-0.03,0.03
https://openalex.org/w2907438831,Immunogenicity of Protein Pharmaceuticals,0,0.1,jev-1.13.0,0.1,jev-1.13.0,0.0,0.0
https://openalex.org/w3042456428,"The evolving landscape of gene therapy for congenital haemophilia: An unprecedented, problematic but promising opportunity for worldwide clinical studies",0,0.12,jev-1.13.0,0.11,jev-1.13.0,-0.009999999999999995,0.009999999999999995
https://openalex.org/w3083386827,Nurses and Orals Abstracts,0,0.18,jev-1.13.0,0.26,jev-1.13.0,0.08000000000000002,0.08000000000000002
https://openalex.org/w3022425490,"XVI Convegno Triennale sui Problemi Clinici e Sociali dell'Emofilia e delle Malattie Emorragiche Congenite, Napoli, 9-12 Novembre 2017.",0,0.88,jev-1.13.0,0.88,jev-1.13.0,0.0,0.0
https://openalex.org/w2933144012,Abstracts,0,0.12,jev-1.13.0,0.14,jev-1.13.0,0.020000000000000018,0.020000000000000018
https://openalex.org/w4292655696,American Society for Clinical Pharmacology and Therapeutics,0,0.84,jev-1.13.0,0.72,jev-1.13.0,-0.12,0.12
https://openalex.org/w2936825025,An<i>in vitro</i>FcRn- dependent transcytosis assay as a screening tool for predictive assessment of nonspecific clearance of antibody therapeutics in humans,0,0.12,jev-1.13.0,0.12,jev-1.13.0,0.0,0.0
https://openalex.org/w2991457121,Bone and Joint Health Markers in Persons with Hemophilia A (PwHA) Treated with Emicizumab in HAVEN 3,0,0.16,jev-1.13.0,0.27,jev-1.13.0,0.11000000000000001,0.11000000000000001
https://openalex.org/w2999005745,Tolerating Factor VIII: Recent Progress,0,0.1,jev-1.13.0,0.11,jev-1.13.0,0.009999999999999995,0.009999999999999995
https://openalex.org/w2609215705,"Factor VIIIa-mimetic cofactor activity of a bispecific antibody to factors IX/IXa and X/Xa, emicizumab, depends on its ability to bridge the antigens",0,0.38,jev-1.13.0,0.56,jev-1.13.0,0.18000000000000005,0.18000000000000005
https://openalex.org/w2914044482,Emicizumab for the Treatment of Acquired Hemophilia_A: Lessons Learned from 4 Very Different Cases,0,0.55,jev-1.13.0,0.88,jev-1.13.0,0.32999999999999996,0.32999999999999996
https://openalex.org/w2772289727,A Pharmacometric Approach to Substitute for a Conventional Dose-Finding Study in Rare Diseases: Example of Phase III Dose Selection for Emicizumab in Hemophilia A,1,0.94,jev-1.13.0,0.98,jev-1.13.0,0.040000000000000036,0.040000000000000036
https://openalex.org/w3091442079,Modelling future usage and cost of factor and emicizumab to treat haemophilia A for the US Western States Region IX haemophilia treatment centres,0,0.21,jev-1.13.0,0.33,jev-1.13.0,0.12000000000000002,0.12000000000000002
https://openalex.org/w2942890025,Current and emerging biologics for the treatment of hemophilia,0,0.62,jev-1.13.0,0.62,jev-1.13.0,0.0,0.0
https://openalex.org/w2947951528,Management of haemophilia in children,0,0.36,jev-1.13.0,0.26,jev-1.13.0,-0.09999999999999998,0.09999999999999998
https://openalex.org/w2951227459,Laboratory Monitoring in Emicizumab-Treated Persons with Hemophilia A,0,0.38,jev-1.13.0,0.35,jev-1.13.0,-0.030000000000000027,0.030000000000000027
https://openalex.org/w2805379977,Miracle of haemophilia drugs: Personal views about a few main players,0,0.21,jev-1.13.0,0.37,jev-1.13.0,0.16,0.16
https://openalex.org/w3016168752,Impact of the COVID‐19 pandemic on therapeutic choices in thrombosis‐hemostasis,0,0.33,jev-1.13.0,0.5,jev-1.13.0,0.16999999999999998,0.16999999999999998
https://openalex.org/w2965197209,A Bispecific Antibody Lacks Measurability in Routine Coagulation Assays and Comparability to Factor VIII,0,0.37,jev-1.13.0,0.31,jev-1.13.0,-0.06,0.06
https://openalex.org/w2086294372,Anti-factor IXa/X bispecific antibody ACE910 prevents joint bleeds in a long-term primate model of acquired hemophilia A,0,0.13,jev-1.13.0,0.13,jev-1.13.0,0.0,0.0
https://openalex.org/w2988516289,Effect of emicizumab on global coagulation assays for plasma supplemented with apixaban or argatroban,0,0.2,jev-1.13.0,0.16,jev-1.13.0,-0.04000000000000001,0.04000000000000001
https://openalex.org/w3009216247,Laboratory testing in hemophilia: Impact of factor and non‐factor replacement therapy on coagulation assays,0,0.35,jev-1.13.0,0.4,jev-1.13.0,0.050000000000000044,0.050000000000000044
https://openalex.org/w2791610452,Acquired Resistance to a MET Antibody In Vivo Can Be Overcome by the MET Antibody Mixture Sym015,0,0.04,jev-1.13.0,0.06,jev-1.13.0,0.019999999999999997,0.019999999999999997
https://openalex.org/w2906676054,PSY155 - DETERMINING THE VALUE OF EMICIZUMAB (HEMLIBRA®) FOR THE PROPHYLAXIS TREATMENT OF HAEMOPHILIA A PATIENTS WITH INHIBITORS IN SPAIN BY MULTI-CRITERIA DECISION ANALYSIS (MCDA),0,0.14,jev-1.13.0,0.22,jev-1.13.0,0.07999999999999999,0.07999999999999999
https://openalex.org/w2997692976,Factor VIII replacement is still the standard of care in haemophilia A.,0,0.26,jev-1.13.0,0.23,jev-1.13.0,-0.03,0.03
https://openalex.org/w2556263512,A new era of treatment for patients with haemophilia A?,0,0.92,jev-1.13.0,0.92,jev-1.13.0,0.0,0.0
https://openalex.org/w2910754674,Preference for Emicizumab over Prior Factor Treatments: Results from the HAVEN 3 and HAVEN 4 Studies,0,0.14,jev-1.13.0,0.18,jev-1.13.0,0.03999999999999998,0.03999999999999998
https://openalex.org/w2901688346,Biotherapeutics: Challenges and Opportunities for Predictive Toxicology of Monoclonal Antibodies,0,0.13,jev-1.13.0,0.11,jev-1.13.0,-0.020000000000000004,0.020000000000000004
https://openalex.org/w2974663101,Emicizumab: A Review in Haemophilia A,0,0.38,jev-1.13.0,0.58,jev-1.13.0,0.19999999999999996,0.19999999999999996
https://openalex.org/w2989435469,The Combination of Marzeptacog Alfa (Activated) or Eptacog Alfa (Activated) with Emicizumab Appears Comparable As Assessed By the Thrombin Generation Test in Hemophilia a Plasma,0,0.22,jev-1.13.0,0.3,jev-1.13.0,0.07999999999999999,0.07999999999999999
https://openalex.org/w2954123426,Global coagulation function assessed by rotational thromboelastometry predicts coagulation-steady state in individual hemophilia A patients receiving emicizumab prophylaxis,0,0.81,jev-1.13.0,0.93,jev-1.13.0,0.12,0.12
https://openalex.org/w2980900975,"A multicenter, open-label phase 3 study of emicizumab prophylaxis in children with hemophilia A with inhibitors",1,0.58,jev-1.13.0,0.67,jev-1.13.0,0.09000000000000008,0.09000000000000008
https://openalex.org/w2989315638,2017-2018 Hematology Drug Approvals at the Food and Drug Administration (FDA): Communication of Patient-Reported Outcomes (PRO) Information in FDA Clinical Reviews and Prescribing Information (PI),0,0.16,jev-1.13.0,0.12,jev-1.13.0,-0.04000000000000001,0.04000000000000001
https://openalex.org/w2983240095,A Novel Approach for Generating Platelet-Delivered FVIII: Role of Transient LRP1 Expression during Megakaryopoiesis,0,0.21,jev-1.13.0,0.14,jev-1.13.0,-0.06999999999999998,0.06999999999999998
https://openalex.org/w3033535873,The availability of new drugs for hemophilia treatment,0,0.76,jev-1.13.0,0.78,jev-1.13.0,0.020000000000000018,0.020000000000000018
https://openalex.org/w2799837940,The role of mass spectrometry in the characterization of biologic protein products,0,0.11,jev-1.13.0,0.06,jev-1.13.0,-0.05,0.05
https://openalex.org/w2914545208,Use of global assays to monitor emicizumab prophylactic therapy in patients with haemophilia A with inhibitors,0,0.8,jev-1.13.0,0.84,jev-1.13.0,0.039999999999999925,0.039999999999999925
https://openalex.org/w2805015450,Evolving Complexity in Hemophilia Management,0,0.32,jev-1.13.0,0.43,jev-1.13.0,0.10999999999999999,0.10999999999999999
https://openalex.org/w3003302859,&lt;p&gt;Clinical Evidence and Safety Profile of Emicizumab for the Management of Children with Hemophilia A&lt;/p&gt;,0,0.35,jev-1.13.0,0.37,jev-1.13.0,0.020000000000000018,0.020000000000000018
https://openalex.org/w3097094017,"BRAZILIAN REGISTRY OF PERSONS WITH HEMOPHILIA A RECEIVING EMICIZUMAB (EMICIZUMAB CASES, EMCASE PROJECT)",0,0.49,jev-1.13.0,0.51,jev-1.13.0,0.020000000000000018,0.020000000000000018
https://openalex.org/w2560559367,Synergistic Effects of a Procoagulant Bispecific Antibody and Rescue Therapies on Thrombin Generation- a Potential Safety Risk,0,0.3,jev-1.13.0,0.39,jev-1.13.0,0.09000000000000002,0.09000000000000002
https://openalex.org/w2965801598,Poster Presentations,0,0.25,jev-1.13.0,0.29,jev-1.13.0,0.03999999999999998,0.03999999999999998
https://openalex.org/w2896093944,"The role of emicizumab, a bispecific factor IXa- and factor X-directed antibody, for the prevention of bleeding episodes in patients with hemophilia A",0,0.54,jev-1.13.0,0.68,jev-1.13.0,0.14,0.14
https://openalex.org/w2949083906,Hyperactivity of factor IX Padua (R338L) depends on factor VIIIa cofactor activity,0,0.41,jev-1.13.0,0.47,jev-1.13.0,0.06,0.06
https://openalex.org/w2804855588,Novel therapeutics for hemophilia and other bleeding disorders,0,0.44,jev-1.13.0,0.52,jev-1.13.0,0.08000000000000002,0.08000000000000002
https://openalex.org/w2912536780,Safety of recombinant coagulation factors in treating hemophilia,0,0.45,jev-1.13.0,0.38,jev-1.13.0,-0.07,0.07
https://openalex.org/w3029400735,Model of Short- and Long-Term Outcomes of Emicizumab Prophylaxis Treatment for Persons with Hemophilia A,0,0.24,jev-1.13.0,0.39,jev-1.13.0,0.15000000000000002,0.15000000000000002
https://openalex.org/w3022941485,Heavy menstrual bleeding in women with inherited bleeding disorders,0,0.11,jev-1.13.0,0.05,jev-1.13.0,-0.06,0.06
https://openalex.org/w2986320718,Characteristics of Hemophilia A Patients Treated with Emicizumab: an Early View using Claims Database Analysis,0,0.15,jev-1.13.0,0.16,jev-1.13.0,0.010000000000000009,0.010000000000000009
https://openalex.org/w2921337948,Monitoring of Emicizumab using a Two-stage chromogenic tenase platform: assay Development and Validation,0,0.75,jev-1.13.0,0.62,jev-1.13.0,-0.13,0.13
https://openalex.org/w3125873102,Abstract,0,0.09,jev-1.13.0,0.1,jev-1.13.0,0.010000000000000009,0.010000000000000009
https://openalex.org/w2982717082,Emicizumab-Kxwh for Previously Untreated Patients with Haemophilia: The Conversation Begins,0,0.13,jev-1.13.0,0.19,jev-1.13.0,0.06,0.06
https://openalex.org/w2804623308,Usefulness of chromogenic assays for potency assignment and recovery of plasma-derived FVIII and FIX concentrates or their recombinant long acting therapeutic equivalents with potential application in treated pediatric hemophiliac patients,0,0.81,jev-1.13.0,0.58,jev-1.13.0,-0.2300000000000001,0.2300000000000001
https://openalex.org/w4241434420,Speaker Abstracts,0,0.88,jev-1.13.0,0.91,jev-1.13.0,0.030000000000000027,0.030000000000000027
https://openalex.org/w2888199726,Emicizumab-mediated haemostatic function in patients with haemophilia A is down-regulated by activated protein C through inactivation of activated factor V,0,0.44,jev-1.13.0,0.53,jev-1.13.0,0.09000000000000002,0.09000000000000002
https://openalex.org/w2956017598,When innovation goes fast. The case of hemophilia,0,0.32,jev-1.13.0,0.54,jev-1.13.0,0.22000000000000003,0.22000000000000003
https://openalex.org/w3008694552,Bispecific Antibodies and Antibody–Drug Conjugates for Cancer Therapy: Technological Considerations,0,0.07,jev-1.13.0,0.08,jev-1.13.0,0.009999999999999995,0.009999999999999995
https://openalex.org/w3007930207,Initiation of Emicizumab Therapy in an Adult Patient With Hemophilia A With Inhibitors and Associated Drug Cost Savings,0,0.2,jev-1.13.0,0.24,jev-1.13.0,0.03999999999999998,0.03999999999999998
https://openalex.org/w2541924133,Immunoglobulin Fc Heterodimer Platform Technology: From Design to Applications in Therapeutic Antibodies and Proteins,0,0.1,jev-1.13.0,0.11,jev-1.13.0,0.009999999999999995,0.009999999999999995
https://openalex.org/w2996106465,PNS223 HEALTH-RELATED QUALITY OF LIFE DATA AVAILABILITY IN DRUG APPRAISALS IN FRANCE: WHERE DO WE STAND TODAY?,0,0.14,jev-1.13.0,0.12,jev-1.13.0,-0.020000000000000018,0.020000000000000018
https://openalex.org/w2971405315,Use of Bypassing Agents Prior to and Post Bypassing Agent Dosing Guidance during Emicizumab Prophylaxis: Analyses from the HAVEN 1 Study,0,0.5,jev-1.13.0,0.41,jev-1.13.0,-0.09000000000000002,0.09000000000000002
https://openalex.org/w2441763368,Discordance of anti-ischemic and hemodynamic effects of captopril in stable coronary artery disease.,0,0.04,jev-1.13.0,0.03,jev-1.13.0,-0.010000000000000002,0.010000000000000002
https://openalex.org/w2911996910,Assessment of Emicizumab-Driven Clot Stability in Hemophilia a Model,0,0.24,jev-1.13.0,0.3,jev-1.13.0,0.06,0.06
https://openalex.org/w2734287351,Emicizumab Prophylaxis in Hemophilia A with Inhibitors,1,0.41,jev-1.13.0,0.39,jev-1.13.0,-0.019999999999999962,0.019999999999999962
https://openalex.org/w2972622655,Prophylactic treatment in hemophilic patients with inhibitors,0,0.63,jev-1.13.0,0.57,jev-1.13.0,-0.06000000000000005,0.06000000000000005
https://openalex.org/w2911203695,A Novel Point-of-Care Whole Blood Coagulation Assay to Monitor Emicizumab Therapy in Patients with Hemophilia,0,0.62,jev-1.13.0,0.78,jev-1.13.0,0.16000000000000003,0.16000000000000003
https://openalex.org/w2989119914,"Beliefs, Opinions, and Impact of Emicizumab on Hemophilia Patients: A National U.S. Survey",0,0.12,jev-1.13.0,0.14,jev-1.13.0,0.020000000000000018,0.020000000000000018
https://openalex.org/w3047889023,Emicizumab for the treatment of acquired hemophilia A,0,0.65,jev-1.13.0,0.9,jev-1.13.0,0.25,0.25
https://openalex.org/w2921022486,Emicizumab Prophylaxis Administered Once-weekly or Every Two Weeks Provides Effective Bleed Prevention in Persons with Hemophilia A (PwHA) without Inhibitors - Results from the Phase III HAVEN 3 Study,0,0.89,jev-1.13.0,0.94,jev-1.13.0,0.04999999999999993,0.04999999999999993
https://openalex.org/w2902668879,Pre-Analysis for Hemostatic Effect of Bypassing Agents in Hemophilia a Patients with Inhibitors Under the Emicizumab Prophylaxis By Global Assays,0,0.46,jev-1.13.0,0.7,jev-1.13.0,0.23999999999999994,0.23999999999999994
https://openalex.org/w2991761618,Can we compare haemophilia carriers with clotting factor deficiency to male patients with mild haemophilia?,0,0.07,jev-1.13.0,0.05,jev-1.13.0,-0.020000000000000004,0.020000000000000004
https://openalex.org/w2888597211,Attempting to remedy sub-optimal medication adherence in haemophilia: The rationale for repeated ultrasound visualisations of the patient's joint status,0,0.3,jev-1.13.0,0.28,jev-1.13.0,-0.019999999999999962,0.019999999999999962
https://openalex.org/w2802180749,Emergencies in Hemophilia,0,0.28,jev-1.13.0,0.15,jev-1.13.0,-0.13000000000000003,0.13000000000000003
https://openalex.org/w2011766387,Identification and Multidimensional Optimization of an Asymmetric Bispecific IgG Antibody Mimicking the Function of Factor VIII Cofactor Activity,0,0.34,jev-1.13.0,0.36,jev-1.13.0,0.019999999999999962,0.019999999999999962
https://openalex.org/w4230307904,Abstracts,0,0.74,jev-1.13.0,0.8,jev-1.13.0,0.06000000000000005,0.06000000000000005
https://openalex.org/w3003875520,How Do I Counsel Parents of a Newly Diagnosed Boy with Haemophilia A?,0,0.35,jev-1.13.0,0.45,jev-1.13.0,0.10000000000000003,0.10000000000000003
https://openalex.org/w3048293894,How much clotting is enough?,0,0.13,jev-1.13.0,0.18,jev-1.13.0,0.04999999999999999,0.04999999999999999
https://openalex.org/w2795399155,2017 Is Banner Year for Drug Approvals by the Food and Drug Administration,0,0.19,jev-1.13.0,0.24,jev-1.13.0,0.04999999999999999,0.04999999999999999
https://openalex.org/w2326483115,"PepTalk 2015 - CHI's 14th Annual Meeting - The Protein Science Week, Protein Engineering and Development. San Diego, California, USA - January 19-23, 2015",0,0.16,jev-1.13.0,0.12,jev-1.13.0,-0.04000000000000001,0.04000000000000001
https://openalex.org/w2990522660,Monitoring of Emicizumab (ACE910): comparison between clotting and chromogenic assay,0,0.79,jev-1.13.0,0.48,jev-1.13.0,-0.31000000000000005,0.31000000000000005
https://openalex.org/w2999958881,Development of therapeutic antibodies for the treatment of diseases,0,0.09,jev-1.13.0,0.09,jev-1.13.0,0.0,0.0
https://openalex.org/w2790596574,Recent advances in developing specific therapies for haemophilia,0,0.6,jev-1.13.0,0.68,jev-1.13.0,0.08000000000000007,0.08000000000000007
https://openalex.org/w4256669938,Routine measurements of factor VIII activity and inhibitor titer in the presence of emicizumab utilizing anti-idiotype monoclonal antibodies: comment,0,0.7,jev-1.13.0,0.62,jev-1.13.0,-0.07999999999999996,0.07999999999999996
https://openalex.org/w2955601811,&lt;p&gt;Spotlight on emicizumab in the management of hemophilia A: patient selection and special considerations&lt;/p&gt;,0,0.37,jev-1.13.0,0.4,jev-1.13.0,0.030000000000000027,0.030000000000000027
https://openalex.org/w2903935895,New therapies for hemophilia,0,0.52,jev-1.13.0,0.6,jev-1.13.0,0.07999999999999996,0.07999999999999996
https://openalex.org/w2909006709,SAT0048 Analysis of different therapeutic regimes in patients with hemophilic arthropathy,0,0.46,jev-1.13.0,0.29,jev-1.13.0,-0.17000000000000004,0.17000000000000004
https://openalex.org/w4234691976,THSNA 2018 Summit Abstract Proceedings,0,0.64,jev-1.13.0,0.59,jev-1.13.0,-0.050000000000000044,0.050000000000000044
https://openalex.org/w2003640296,Novel products for haemostasis,0,0.7,jev-1.13.0,0.82,jev-1.13.0,0.12,0.12
https://openalex.org/w2524295027,The contribution of databases to the results of systematic reviews: a cross-sectional study,0,0.05,jev-1.13.0,0.04,jev-1.13.0,-0.010000000000000002,0.010000000000000002
https://openalex.org/w3142726662,Abstracts,0,0.25,jev-1.13.0,0.3,jev-1.13.0,0.04999999999999999,0.04999999999999999
https://openalex.org/w2407173619,Bispecific antibody mimicking factor VIII,0,0.91,jev-1.13.0,0.93,jev-1.13.0,0.020000000000000018,0.020000000000000018
https://openalex.org/w2805898375,Emerging therapies for haemophilia - Global perspective,0,0.37,jev-1.13.0,0.48,jev-1.13.0,0.10999999999999999,0.10999999999999999
https://openalex.org/w2495382241,Emerging drugs for the treatment of hemophilia A and B,0,0.57,jev-1.13.0,0.52,jev-1.13.0,-0.04999999999999993,0.04999999999999993
https://openalex.org/w2258463614,Emerging genetic and pharmacologic therapies for controlling hemostasis: beyond recombinant clotting factors,0,0.65,jev-1.13.0,0.57,jev-1.13.0,-0.08000000000000007,0.08000000000000007
https://openalex.org/w4232442131,Oral Presentations,0,0.98,jev-1.13.0,0.98,jev-1.13.0,0.0,0.0
https://openalex.org/w2949353353,A FULLY Human Bispecific Antibody Functionally Rescues Factor VIII Deficiency EX VIVO,0,0.14,jev-1.13.0,0.13,jev-1.13.0,-0.010000000000000009,0.010000000000000009
https://openalex.org/w2966185340,Hemophilia A with inhibitor: Immune tolerance induction (ITI) in the mirror of time,0,0.29,jev-1.13.0,0.3,jev-1.13.0,0.010000000000000009,0.010000000000000009
https://openalex.org/w4298364213,"Jahrestagung der ­Deutschen, Österreichischen und ­Schweizerischen ­Gesellschaften für Hämatologie und ­Medizinische Onkologie, Leipzig, 14.–18. Oktober 2016: Abstracts",0,0.29,jev-1.13.0,0.16,jev-1.13.0,-0.12999999999999998,0.12999999999999998
https://openalex.org/w2551116473,Abstracts,0,0.87,jev-1.13.0,0.95,jev-1.13.0,0.07999999999999996,0.07999999999999996
https://openalex.org/w2988108855,Next-Generation FVIII Mimetic Shows Superior Effect in a FIX- and Fx-Humanized Mouse Model In Vivo,0,0.14,jev-1.13.0,0.1,jev-1.13.0,-0.04000000000000001,0.04000000000000001
https://openalex.org/w2761090763,Novel approaches to hemophilia therapy: successes and challenges,0,0.35,jev-1.13.0,0.52,jev-1.13.0,0.17000000000000004,0.17000000000000004
https://openalex.org/w2973319075,Model of Short and Long-Term Outcomes of Emicizumab Prophylaxis Treatment for Persons with Hemophilia Α,0,0.27,jev-1.13.0,0.33,jev-1.13.0,0.06,0.06
https://openalex.org/w2983834993,Prospective Controlled Monitoring of Hemlibra Prophylaxis Initiation in a Large Cohort of Hemophilia a Patients- Real World Data,0,0.95,jev-1.13.0,0.88,jev-1.13.0,-0.06999999999999995,0.06999999999999995
https://openalex.org/w2935499421,Hemophilia in a Changing Treatment Landscape,0,0.47,jev-1.13.0,0.6,jev-1.13.0,0.13,0.13
https://openalex.org/w2890442696,Relative and Absolute Bioavailability Study of Emicizumab to Bridge Drug Products and Subcutaneous Injection Sites in Healthy Volunteers,1,0.98,jev-1.13.0,0.98,jev-1.13.0,0.0,0.0
https://openalex.org/w2789604711,Emicizumab-kxwh: First Global Approval,0,0.47,jev-1.13.0,0.55,jev-1.13.0,0.08000000000000007,0.08000000000000007
https://openalex.org/w2795082701,"The Potential Close Future of Hemophilia Treatment - Gene Therapy, TFPI Inhibition, Antithrombin Silencing, and Mimicking Factor VIII with an Engineered Antibody",0,0.45,jev-1.13.0,0.5,jev-1.13.0,0.04999999999999999,0.04999999999999999
https://openalex.org/w4238923891,,0,0.93,jev-1.13.0,0.97,jev-1.13.0,0.039999999999999925,0.039999999999999925
https://openalex.org/w3029688610,Invasive procedures in patients with haemophilia: Review of low‐dose protocols and experience with extended half‐life FVIII and FIX concentrates and non‐replacement therapies,0,0.39,jev-1.13.0,0.37,jev-1.13.0,-0.020000000000000018,0.020000000000000018
https://openalex.org/w3029074589,Laboratory issues in gene therapy and emicizumab,0,0.39,jev-1.13.0,0.42,jev-1.13.0,0.02999999999999997,0.02999999999999997
https://openalex.org/w2538127869,Advances in the treatment of bleeding disorders,0,0.32,jev-1.13.0,0.4,jev-1.13.0,0.08000000000000002,0.08000000000000002
https://openalex.org/w3026643682,PRO10 THE COST ANALYSIS OF EMICIZUMAB VERSUS ACTIVATED PROTHROMBIN COMPLEX CONCENTRATE FOR CHILDREN WITH HAEMOPHILIA A WITH INHIBITORS IN UKRAINE,0,0.13,jev-1.13.0,0.15,jev-1.13.0,0.01999999999999999,0.01999999999999999
https://openalex.org/w2989582015,Emicizumab prophylaxis in patients with haemophilia A with and without inhibitors,0,0.32,jev-1.13.0,0.28,jev-1.13.0,-0.03999999999999998,0.03999999999999998
https://openalex.org/w2943226571,The changing face of immune tolerance induction in haemophilia A with the advent of emicizumab,0,0.35,jev-1.13.0,0.55,jev-1.13.0,0.20000000000000007,0.20000000000000007
https://openalex.org/w2983389533,Re-personalization and stratification of hemophilia care in an evolving treatment landscape,0,0.39,jev-1.13.0,0.63,jev-1.13.0,0.24,0.24
https://openalex.org/w2986546258,Patterns and Predictors of Emicizumab Adherence in People with Hemophilia,0,0.17,jev-1.13.0,0.21,jev-1.13.0,0.03999999999999998,0.03999999999999998
https://openalex.org/w3023857297,Publishing in the Haemophilia Journal: Opportunities and challenges for developing countries,0,0.06,jev-1.13.0,0.08,jev-1.13.0,0.020000000000000004,0.020000000000000004
https://openalex.org/w2972682000,"A multicentre, open‐label study of emicizumab given every 2 or 4 weeks in children with severe haemophilia A without inhibitors",1,0.94,jev-1.13.0,0.96,jev-1.13.0,0.020000000000000018,0.020000000000000018
https://openalex.org/w2888898681,Emicizumab Prophylaxis in Patients Who Have Hemophilia A without Inhibitors,1,0.33,jev-1.13.0,0.36,jev-1.13.0,0.02999999999999997,0.02999999999999997
https://openalex.org/w2145954506,"Haemophilia and Joint Disease: Pathophysiology, Evaluation, and Management",0,0.14,jev-1.13.0,0.11,jev-1.13.0,-0.030000000000000013,0.030000000000000013
https://openalex.org/w3004952421,Pharmacokinetic‐tailored approach to hemophilia prophylaxis: Medical decision making and outcomes,0,0.31,jev-1.13.0,0.09,jev-1.13.0,-0.22,0.22
https://openalex.org/w2915870000,Antibodies to watch in 2018,0,0.22,jev-1.13.0,0.38,jev-1.13.0,0.16,0.16
https://openalex.org/w2915163461,Antibodies to watch in 2017,0,0.25,jev-1.13.0,0.35,jev-1.13.0,0.09999999999999998,0.09999999999999998
https://openalex.org/w2800204431,Emerging therapies for hemophilia: controversies and unanswered questions,0,0.57,jev-1.13.0,0.68,jev-1.13.0,0.1100000000000001,0.1100000000000001
https://openalex.org/w2770845897,MET-targeting antibody (emibetuzumab) and kinase inhibitor (merestinib) as single agent or in combination in a cancer model bearing MET exon 14 skipping,0,0.04,jev-1.13.0,0.05,jev-1.13.0,0.010000000000000002,0.010000000000000002
https://openalex.org/w3004029718,Benefits and limitations of extended plasma half-life factor VIII products in hemophilia A,0,0.32,jev-1.13.0,0.18,jev-1.13.0,-0.14,0.14
https://openalex.org/w2892811509,The future of bypassing agents for hemophilia with inhibitors in the era of novel agents,0,0.32,jev-1.13.0,0.34,jev-1.13.0,0.020000000000000018,0.020000000000000018
https://openalex.org/w2982214470,Allergy and inhibitors in hemophilia - a rare complication with potential novel solutions,0,0.3,jev-1.13.0,0.41,jev-1.13.0,0.10999999999999999,0.10999999999999999
https://openalex.org/w2911337489,Abstracts,0,0.92,jev-1.13.0,0.94,jev-1.13.0,0.019999999999999907,0.019999999999999907
https://openalex.org/w2760006373,Long-term safety and efficacy of emicizumab in a phase 1/2 study in patients with hemophilia A with or without inhibitors,1,0.38,jev-1.13.0,0.73,jev-1.13.0,0.35,0.35
https://openalex.org/w2911739559,Bleeding and safety outcomes in persons with haemophilia A without inhibitors: Results from a prospective non‐interventional study in a real‐world setting,0,0.23,jev-1.13.0,0.06,jev-1.13.0,-0.17,0.17
https://openalex.org/w2971714536,New treatment paradigm for hemophilia poses challenges for legacy bioassays,0,0.71,jev-1.13.0,0.72,jev-1.13.0,0.010000000000000009,0.010000000000000009
https://openalex.org/w3011636780,Macromolecules and Antibody-Based Drugs,0,0.13,jev-1.13.0,0.14,jev-1.13.0,0.010000000000000009,0.010000000000000009
https://openalex.org/w2976285377,Insights into the IgG heavy chain engineering patent landscape as applied to IgG4 antibody development,0,0.06,jev-1.13.0,0.04,jev-1.13.0,-0.019999999999999997,0.019999999999999997
https://openalex.org/w2534324784,"Distinct Localization of Coagulation Factor VIII, Von Willebrand Factor and Factor VIIIa-Mimetic Bispecific Antibody Contributing to Thrombus Formation Under Whole Blood Flow Conditions",0,0.4,jev-1.13.0,0.3,jev-1.13.0,-0.10000000000000003,0.10000000000000003
https://openalex.org/w2973681494,Hemophilia – Impact of Recent Advances on Management,0,0.47,jev-1.13.0,0.5,jev-1.13.0,0.030000000000000027,0.030000000000000027
https://openalex.org/w2945243639,Safety analysis of<scp>rFVII</scp>a with emicizumab dosing in congenital hemophilia A with inhibitors: Experience from the<scp>HAVEN</scp>clinical program,0,0.32,jev-1.13.0,0.4,jev-1.13.0,0.08000000000000002,0.08000000000000002
https://openalex.org/w2765359511,Cost Impact of A Novel Prophylactic Treatment For Haemophilia A Patients With Inhibitors In The UK,0,0.42,jev-1.13.0,0.49,jev-1.13.0,0.07,0.07
https://openalex.org/w3037252784,Prophylaxis for hemophilia A without inhibitors: treatment options and considerations,0,0.71,jev-1.13.0,0.78,jev-1.13.0,0.07000000000000006,0.07000000000000006
https://openalex.org/w2610167700,Pharmacokinetic de-risking tools for selection of monoclonal antibody lead candidates,0,0.09,jev-1.13.0,0.11,jev-1.13.0,0.020000000000000004,0.020000000000000004
