original_threshold,original_true_positives,original_false_negatives,original_true_negatives,original_false_positives,original_recall,original_specificity,original_precision,original_retained_for_human_screening,original_automatically_excluded,original_workload_reduction_pct,revised_threshold,revised_true_positives,revised_false_negatives,revised_true_negatives,revised_false_positives,revised_recall,revised_specificity,revised_precision,revised_retained_for_human_screening,revised_automatically_excluded,revised_workload_reduction_pct
0.1,15,0,22,221,1.0,0.09053497942386832,0.0635593220338983,236,22,8.527131782945736,0.1,15,0,24,219,1.0,0.09876543209876543,0.0641025641025641,234,24,9.30232558139535
0.2,15,0,69,174,1.0,0.2839506172839506,0.07936507936507936,189,69,26.744186046511626,0.2,15,0,71,172,1.0,0.29218106995884774,0.08021390374331551,187,71,27.51937984496124
0.3,15,0,109,134,1.0,0.448559670781893,0.10067114093959731,149,109,42.248062015503876,0.3,15,0,102,141,1.0,0.41975308641975306,0.09615384615384616,156,102,39.53488372093023
0.4,13,2,153,90,0.8666666666666667,0.6296296296296297,0.1262135922330097,103,155,60.07751937984496,0.4,13,2,134,109,0.8666666666666667,0.551440329218107,0.10655737704918032,122,136,52.71317829457365
0.5,12,3,179,64,0.8,0.7366255144032922,0.15789473684210525,76,182,70.54263565891473,0.5,13,2,156,87,0.8666666666666667,0.6419753086419753,0.13,100,158,61.240310077519375
0.6,11,4,192,51,0.7333333333333333,0.7901234567901234,0.1774193548387097,62,196,75.96899224806202,0.6,13,2,181,62,0.8666666666666667,0.7448559670781894,0.17333333333333334,75,183,70.93023255813954
0.7,11,4,205,38,0.7333333333333333,0.8436213991769548,0.22448979591836735,49,209,81.0077519379845,0.7,12,3,200,43,0.8,0.823045267489712,0.21818181818181817,55,203,78.68217054263566
0.8,11,4,217,26,0.7333333333333333,0.8930041152263375,0.2972972972972973,37,221,85.65891472868216,0.8,11,4,214,29,0.7333333333333333,0.8806584362139918,0.275,40,218,84.49612403100775
0.9,10,5,233,10,0.6666666666666666,0.9588477366255144,0.5,20,238,92.24806201550388,0.9,10,5,224,19,0.6666666666666666,0.9218106995884774,0.3448275862068966,29,229,88.75968992248062
