record_id,title,abstract,label_included,jev_probability,jev_model,input_tokens,output_tokens,latency_seconds,error
https://openalex.org/w2888898681,Emicizumab Prophylaxis in Patients Who Have Hemophilia A without Inhibitors,"Emicizumab is a bispecific monoclonal antibody that bridges activated factor IX and factor X to replace the function of missing activated factor VIII, thereby restoring hemostasis. In a phase 3, multicenter trial, we investigated its use as prophylaxis in persons who have hemophilia A without factor VIII inhibitors.We randomly assigned, in a 2:2:1 ratio, participants 12 years of age or older who had been receiving episodic treatment with factor VIII to receive a subcutaneous maintenance dose of emicizumab of 1.5 mg per kilogram of body weight per week (group A) or 3.0 mg per kilogram every 2 weeks (group B) or no prophylaxis (group C). The primary end point was the difference in rates of treated bleeding (group A vs. group C and group B vs. group C). Participants who had been receiving factor VIII prophylaxis received emicizumab at a maintenance dose of 1.5 mg per kilogram per week (group D); intraindividual comparisons were performed in those who had participated in a noninterventional study.A total of 152 participants were enrolled. The annualized bleeding rate was 1.5 events (95% confidence interval [CI], 0.9 to 2.5) in group A and 1.3 events (95% CI, 0.8 to 2.3) in group B, as compared with 38.2 events (95% CI, 22.9 to 63.8) in group C; thus, the rate was 96% lower in group A and 97% lower in group B (P<0.001 for both comparisons). A total of 56% of the participants in group A and 60% of those in group B had no treated bleeding events, as compared with those in group C, who all had treated bleeding events. In the intraindividual comparison involving 48 participants, emicizumab prophylaxis resulted in an annualized bleeding rate that was 68% lower than the rate with previous factor VIII prophylaxis (P<0.001). The most frequent adverse event was low-grade injection-site reaction. There were no thrombotic or thrombotic microangiopathy events, development of antidrug antibodies, or new development of factor VIII inhibitors.Emicizumab prophylaxis administered subcutaneously once weekly or every 2 weeks led to a significantly lower bleeding rate than no prophylaxis among persons with hemophilia A without inhibitors; more than half the participants who received prophylaxis had no treated bleeding events. In an intraindividual comparison, emicizumab therapy led to a significantly lower bleeding rate than previous factor VIII prophylaxis. (Funded by F. Hoffmann-La Roche and Chugai Pharmaceutical; HAVEN 3 ClinicalTrials.gov number, NCT02847637 .).",1,0.36,jev-1.13.0,1172.0,20.0,0.3449256999883801,
https://openalex.org/w2734287351,Emicizumab Prophylaxis in Hemophilia A with Inhibitors,"Emicizumab (ACE910) bridges activated factor IX and factor X to restore the function of activated factor VIII, which is deficient in persons with hemophilia A. This phase 3, multicenter trial assessed once-weekly subcutaneous emicizumab prophylaxis in persons with hemophilia A with factor VIII inhibitors.We enrolled participants who were 12 years of age or older. Those who had previously received episodic treatment with bypassing agents were randomly assigned in a 2:1 ratio to emicizumab prophylaxis (group A) or no prophylaxis (group B). The primary end point was the difference in bleeding rates between group A and group B. Participants who had previously received prophylactic treatment with bypassing agents received emicizumab prophylaxis in group C.A total of 109 male participants with hemophilia A with inhibitors were enrolled. The annualized bleeding rate was 2.9 events (95% confidence interval [CI], 1.7 to 5.0) among participants who were randomly assigned to emicizumab prophylaxis (group A, 35 participants) versus 23.3 events (95% CI, 12.3 to 43.9) among those assigned to no prophylaxis (group B, 18 participants), representing a significant difference of 87% in favor of emicizumab prophylaxis (P<0.001). A total of 22 participants in group A (63%) had zero bleeding events, as compared with 1 participant (6%) in group B. Among 24 participants in group C who had participated in a noninterventional study, emicizumab prophylaxis resulted in a bleeding rate that was significantly lower by 79% than the rate with previous bypassing-agent prophylaxis (P<0.001). Overall, 198 adverse events were reported in 103 participants receiving emicizumab prophylaxis; the most frequent events were injection-site reactions (in 15% of participants). Thrombotic microangiopathy and thrombosis were reported in 2 participants each (in the primary analysis) who had received multiple infusions of activated prothrombin complex concentrate for breakthrough bleeding. No antidrug antibodies were detected.Emicizumab prophylaxis was associated with a significantly lower rate of bleeding events than no prophylaxis among participants with hemophilia A with inhibitors. (Funded by F. Hoffmann-La Roche and Chugai Pharmaceutical; HAVEN 1 ClinicalTrials.gov number, NCT02622321 .).",1,0.39,jev-1.13.0,1104.0,20.0,0.2630240999860689,
https://openalex.org/w2980900975,"A multicenter, open-label phase 3 study of emicizumab prophylaxis in children with hemophilia A with inhibitors","In a Plenary Paper, Young et al describe impressive favorable outcomes of emicizumab prophylaxis in children with hemophilia A and factor VIII inhibitors, reporting a 99% reduction in annualized bleeding, with 77% of patients having no treated bleeding events.",1,0.67,jev-1.13.0,587.0,20.0,0.3076698000077158,
https://openalex.org/w2760006373,Long-term safety and efficacy of emicizumab in a phase 1/2 study in patients with hemophilia A with or without inhibitors,"Key Points Long-term, once-weekly emicizumab was well tolerated with no thromboembolic adverse events in patients with hemophilia A. Long-term, once-weekly emicizumab shows encouraging efficacy irrespective of the presence of FVIII inhibitors in patients with hemophilia A.",1,0.73,jev-1.13.0,589.0,20.0,0.244572399999015,
https://openalex.org/w3016428066,A boy with joint pain associated with emicizumab treatment: The importance of plasma level measurement,,1,0.87,jev-1.13.0,524.0,20.0,0.2656953000696376,
https://openalex.org/w2278365462,"A first-in-human phase 1 study of ACE910, a novel factor VIII–mimetic bispecific antibody, in healthy subjects","Key Points Single subcutaneous dosing of ACE910 has a linear PK profile, a half-life of 4 to 5 weeks, and FVIII-mimetic procoagulant activity in humans. ACE910 at doses up to 1 mg/kg is well tolerated and has no notable adverse hypercoagulable effect in healthy Japanese and white adults.",1,0.9,jev-1.13.0,605.0,20.0,0.4489217998925596,
https://openalex.org/w3042667920,Emicizumab treatment and monitoring in a paediatric cohort: real‐world data,"Real-world data on emicizumab use and monitoring in paediatric severe haemophilia A (HA) patients are scarce. We therefore sought to evaluate safety, efficacy, and laboratory monitoring of emicizumab prophylaxis in a cohort of 40 children with severe HA, including 22 non-inhibitor patients and nine infants younger than one year. Bleeding, trauma, adverse events, and surgeries were documented during a median follow-up of 45 weeks. Emicizumab levels, activated partial thromboplastin time (aPTT) values, and thrombin generation were measured before and during therapy. Twenty patients experienced zero bleeds. All bleeding was trauma-related, and bleeding risk was positively correlated with the length of emicizumab prophylaxis. Sixteen surgical interventions were performed in 12 patients, with no thrombotic complications or thrombotic microangiopathy. Prolonged aPTT values normalised after emicizumab initiation, correlating with an increase in emicizumab plasma levels. Elevation in the thrombin generation was observed following emicizumab prophylaxis, with lower values recorded in younger infants. Emicizumab prophylaxis was safe and well tolerated. As all bleedings were trauma-related, laboratory monitoring could not predict bleeding risk. Our results do not support routine thrombin generation monitoring in children treated by emicizumab, yet further studies are warranted in the context of surgical procedures.",1,0.96,jev-1.13.0,833.0,20.0,0.2540502999909222,
https://openalex.org/w2972682000,"A multicentre, open‐label study of emicizumab given every 2 or 4 weeks in children with severe haemophilia A without inhibitors","INTRODUCTION Emicizumab is a recombinant humanized bispecific monoclonal antibody mimicking the cofactor function of activated factor VIII. AIM In this multicentre, open-label study (HOHOEMI), we evaluated the efficacy, safety and pharmacokinetics of emicizumab in Japanese paediatric patients aged <12 years with severe haemophilia A without factor VIII (FVIII) inhibitors. METHODS Emicizumab was administered subcutaneously, with four loading doses of 3 mg/kg every week followed by maintenance doses of 3 mg/kg every 2 weeks (Q2W) or 6 mg/kg every 4 weeks (Q4W) in 6 and 7 patients, respectively. RESULTS All patients completed at least 24 weeks of treatment. Baseline ages ranged from 4 months to 10 years, and all patients had been treated with FVIII prophylaxis prior to enrolment except a 4-month-old patient untreated with FVIII previously. In the respective Q2W and Q4W cohorts, 2/6 and 5/7 patients experienced no treated bleeding events, and annualized bleeding rates for treated bleeding events were 1.3 (95% confidence interval [CI], 0.6-2.9) and 0.7 (95% CI, 0.2-2.6). All caregivers preferred emicizumab to the patient's previous treatment. Only one related adverse event (injection site reaction) was observed. There were no thromboembolic events or thrombotic microangiopathy. Individual trough plasma concentrations of emicizumab were within the variability observed in preceding adult/adolescent studies. All patients tested negative for anti-emicizumab antibodies. CONCLUSIONS Emicizumab administered Q2W or Q4W was efficacious and safe in paediatric patients with severe haemophilia A without inhibitors. This study was registered at http://www.clinicaltrials.jp (JapicCTI-173710).",1,0.96,jev-1.13.0,994.0,20.0,0.4418302000267431,
https://openalex.org/w2936143155,"Efficacy, safety, and pharmacokinetics of emicizumab prophylaxis given every 4 weeks in people with haemophilia A (HAVEN 4): a multicentre, open-label, non-randomised phase 3 study","Emicizumab, a subcutaneously administered, humanised, bispecific, monoclonal antibody, is approved to treat people with haemophilia A of all ages with and without coagulation factor VIII (FVIII) inhibitors. HAVEN 4 assessed emicizumab prophylaxis administered as one dose every 4 weeks in adults and adolescents with haemophilia A, regardless of FVIII inhibitor status.In this phase 3, multicentre, open-label, two-stage study, patients aged 12 years and older with severe congenital haemophilia A (<1% of normal FVIII activity in blood) or haemophilia A with FVIII inhibitors, undergoing treatment with either FVIII concentrates or bypassing agents were recruited from three sites in Japan and Spain for a run-in cohort, and from 17 sites in Australia, Belgium, Japan, Poland, Spain, and the USA for a subsequent expansion cohort. Participants in the run-in and expansion cohorts were given emicizumab subcutaneously 6 mg/kg every 4 weeks for 24 weeks or more; for patients in the expansion cohort this regimen was preceded by four loading doses of 3 mg/kg once weekly. In the run-in cohort, we assessed pharmacokinetics after single and multiple (every 4 weeks) subcutaneous administration of 6 mg/kg emicizumab and safety. In the expansion cohort, the efficacy endpoint was efficacy of prophylactic emicizumab in maintaining adequate bleed prevention, assessed in all patients who received at least one dose of emicizumab and reported as annualised bleed rates for treated bleeds, all bleeds (treated and untreated), treated spontaneous bleeds, treated joint bleeds, and treated target joint bleeds. Safety was assessed in all participants given emicizumab. This study is registered with ClinicalTrials.gov, number NCT03020160, and is ongoing.Between Jan 30, 2017, and Feb 27, 2017, seven patients were enrolled into the initial run-in cohort, which confirmed the expected pharmacokinetic profile and safety of the regimen based on model-based simulations, providing sufficient evidence for opening of the expansion cohort (n=41), which was recruited and enrolled between May 24, 2017, and June 30, 2017. The annualised rate of treated bleeds was 2·4 (95% CI 1·4-4·3). 23 (56·1%; 95% CI 39·7-71·5) of 41 reported no treated bleeds and 37 (90%; 76·9-97·3) reported zero to three treated bleeds. The annualised bleed rate was 4·5 (95% CI 3·1-6·6) for all bleeds, 0·6 (0·3-1·5), for treated spontaneous bleeds, 1·7 (0·8-3·7) for treated joint bleeds, and 1·0 (0·3-3·3) for treated target joint bleeds. The most frequent treatment-related adverse event was injection-site reaction (nine [22%] of 41 patients). We observed no thrombotic events or development of de-novo antidrug antibodies with neutralising potential or FVIII inhibitors.Emicizumab given once every 4 weeks showed clinically meaningful bleed control while being well tolerated. This regimen could improve patient care by decreasing treatment burden and increasing adherence to effective prophylaxis, potentially decreasing the development of secondary complications for people with haemophilia A.F Hoffmann-La Roche and Chugai Pharmaceutical.",1,0.97,jev-1.13.0,1371.0,20.0,0.2499390000011772,
https://openalex.org/w3028455363,"Evaluation of the Pharmacokinetics, Pharmacodynamics, and Safety of a Single Dose of Emicizumab in Healthy Chinese Subjects","This phase 1, open-label, single-center study evaluated the pharmacokinetics (PK), pharmacodynamics, safety, and tolerability of single-dose emicizumab in healthy Chinese males. Overall, 16 subjects received a single subcutaneous dose of 1-mg/kg emicizumab. Blood samples were obtained before dosing on day 1 and at regular intervals over 16 weeks after dosing for PK evaluation. A single 1-mg/kg subcutaneous dose of emicizumab was safe and well tolerated in healthy Chinese male subjects in the study. Mean (± standard deviation) area under the concentration-time curve from time 0 to infinity and maximum concentration were 287 ± 74.2 μg⋅d/mL and 7.11 ± 1.77 μg/mL, respectively, with a terminal half-life of 26.7 (±4.3) days. Emicizumab administration did not show significant impact on pharmacodynamic markers tested, which mostly remained stable throughout the study. One subject tested positive for antidrug antibody, with no impact on his PK or safety profile. Compared with results from healthy Japanese and Caucasian subjects receiving the same dose in previous clinical trials, the current results further indicated the absence of difference of emicizumab PK profile across Chinese, Japanese, and Caucasian subjects, validating the use of similar therapeutic doses in Asian and non-Asian populations.",1,0.98,jev-1.13.0,848.0,20.0,0.2412962999660521,
https://openalex.org/w2400928773,Factor VIII–Mimetic Function of Humanized Bispecific Antibody in Hemophilia A,"In patients with severe hemophilia A, standard treatment is regular prophylactic and episodic intravenous infusions of factor VIII. However, these treatments are burdensome, especially for children, and may lead to the formation of anti-factor VIII alloantibodies (factor VIII inhibitors). Emicizumab (ACE910), a humanized bispecific antibody mimicking the cofactor function of factor VIII, was developed to abate these problems.We enrolled 18 Japanese patients with severe hemophilia A (with or without factor VIII inhibitors) in an open-label, nonrandomized, interindividual dose-escalation study of emicizumab. The patients received subcutaneous emicizumab weekly for 12 weeks at a dose of 0.3, 1.0, or 3.0 mg per kilogram of body weight (cohorts 1, 2, and 3, respectively). The end points were safety and pharmacokinetic and pharmacodynamic profiles. An additional, exploratory end point was the annualized bleeding rate, calculated as 365.25 times the number of bleeding episodes, divided by the number of days in the treatment period as compared with the 6 months before enrollment.Emicizumab was associated with neither serious adverse events nor clinically relevant coagulation abnormalities. Plasma concentrations of emicizumab increased in a dose-dependent manner. Activated partial-thromboplastin times remained short throughout the study. The median annualized bleeding rates in cohorts 1, 2, and 3 decreased from 32.5 to 4.4, 18.3 to 0.0, and 15.2 to 0.0, respectively. There was no bleeding in 8 of 11 patients with factor VIII inhibitors (73%) and in 5 of 7 patients without factor VIII inhibitors (71%). Episodic use of clotting factors to control bleeding was reduced. Antibodies to emicizumab did not develop.Once-weekly subcutaneous administration of emicizumab markedly decreased the bleeding rate in patients who had hemophilia A with or without factor VIII inhibitors. (Funded by Chugai Pharmaceutical; JapicCTI number, 121934.).",1,0.98,jev-1.13.0,1018.0,20.0,0.2683818000368774,
https://openalex.org/w3094025934,Pharmacokinetics and Pharmacodynamics of Emicizumab in Persons with Hemophilia A with Factor VIII Inhibitors: HAVEN 1 Study,"Emicizumab, a bispecific monoclonal antibody, bridges activated factor IX (FIXa) and FX, replacing the function of missing FVIIIa to restore effective hemostasis in persons with hemophilia A (PwHA). Here we assess pharmacokinetic (PK) and pharmacodynamic (PD) biomarkers in PwHA with FVIII inhibitors in the Phase III HAVEN 1 study (NCT02622321). Blood samples from 112 PwHA receiving 1.5 mg/kg once-weekly subcutaneous emicizumab were analyzed at central laboratories. Emicizumab concentrations for PK analysis were measured via validated immunoassay. PD effects were assessed using FVIII chromogenic activity assay containing human factors (Hyphen Biophen FVIII:C), and by FXIa-triggered thrombin generation (TG). Activated partial thromboplastin time (aPTT), prothrombin time (PT), antigen levels of FIX and FX, fibrinogen, D-dimer, and prothrombin fragment 1.2 (PF1.2) levels were determined. Emicizumab trough concentrations ≥ 50 µg/mL were maintained throughout the study. FVIII-like activity and TG (peak height) correlated with emicizumab concentrations and remained above 20 U/dL and 100 nM, respectively, with a weekly maintenance dose, theoretically converting persons with severe hemophilia A to a mild disease phenotype. aPTT was normalized at subtherapeutic concentrations of emicizumab. Plasma concentrations of target antigens FIX and FX were not significantly affected by emicizumab treatment; nor were fibrinogen, PT (international normalized ratio), D-dimer, or PF1.2. The PK profile of once-weekly emicizumab in HAVEN 1 provides sustained therapeutic plasma levels, consistent with population PK models. Both the PK profile and the PD and safety biomarkers are consistent with the established efficacy of emicizumab prophylaxis in PwHA with FVIII inhibitors.",1,0.98,jev-1.13.0,988.0,20.0,0.2742901999736205,
https://openalex.org/w2890442696,Relative and Absolute Bioavailability Study of Emicizumab to Bridge Drug Products and Subcutaneous Injection Sites in Healthy Volunteers,"Emicizumab (ACE910) is a bispecific antibody that is a novel, subcutaneously injectable treatment for patients with hemophilia A. This study assessed the relative bioavailability of emicizumab between old and new drug products (DPs) and among 3 commonly used subcutaneous injection sites (abdomen, upper arm, and thigh), together with its absolute bioavailability in healthy volunteers. Forty-eight healthy volunteers were randomized into 4 groups to receive a single subcutaneous injection of 1 mg/kg with the old or new DP, and another 12 volunteers each received a single, 90-minute, intravenous infusion of 0.25 mg/kg with the new DP. Similar pharmacokinetic profiles were observed between the DPs, with geometric mean ratios of 1.199 (90% confidence interval [CI] 1.060-1.355) for the maximum plasma concentration and 1.083 (90% CI 0.920-1.275) for area under the plasma concentration-time curve extrapolated to infinity. The geometric mean ratios of maximum plasma concentration and area under the plasma concentration-time curve extrapolated to infinity for upper arm versus abdomen were 0.823 (90% CI 0.718-0.943) and 0.926 (90% CI 0.814-1.053), respectively, and those for thigh versus abdomen were 1.168 (90% CI 1.030-1.324) and 1.073 (90% CI 0.969-1.189), respectively. Absolute bioavailability ranged from 80.4% to 93.1%. These results suggested that no emicizumab dose adjustment would be needed when switching the DPs or injecting to different sites interchangeably and that emicizumab injected subcutaneously is highly bioavailable.",1,0.98,jev-1.13.0,982.0,20.0,0.2780464000534266,
https://openalex.org/w2772289727,A Pharmacometric Approach to Substitute for a Conventional Dose-Finding Study in Rare Diseases: Example of Phase III Dose Selection for Emicizumab in Hemophilia A,"Emicizumab (ACE910) is a bispecific antibody mimicking the cofactor function of activated coagulation factor VIII. In phase I-I/II studies, emicizumab reduced the bleeding frequency in patients with severe hemophilia A, regardless of the presence of factor VIII inhibitors, at once-weekly subcutaneous doses of 0.3, 1, and 3 mg/kg.Using the phase I-I/II study data, population pharmacokinetic and repeated time-to-event (RTTE) modeling were performed to quantitatively characterize the relationship between the pharmacokinetics of emicizumab and reduction in bleeding frequency. Simulations were then performed to identify the minimal exposure expected to achieve zero bleeding events for 1 year in at least 50% of patients and to select the dosing regimens to be tested in phase III studies.The RTTE model adequately predicted the bleeding onset over time as a function of plasma emicizumab concentration. Simulations suggested that plasma emicizumab concentrations of ≥ 45 μg/mL should result in zero bleeding events for 1 year in at least 50% of patients. This efficacious exposure provided the basis for selecting previously untested dosing regimens of 1.5 mg/kg once weekly, 3 mg/kg every 2 weeks, and 6 mg/kg every 4 weeks for phase III studies.A pharmacometric approach guided the phase III dose selection of emicizumab in hemophilia A, without conducting a conventional dose-finding study. Phase III studies with the selected dosing regimens are currently ongoing. This case study indicates that a pharmacometric approach can substitute for a conventional dose-finding study in rare diseases and will streamline the drug development process.",1,0.98,jev-1.13.0,919.0,20.0,0.2794461000012234,
https://openalex.org/w3034093413,Population Pharmacokinetic Analysis and Exploratory Exposure–Bleeding Rate Relationship of Emicizumab in Adult and Pediatric Persons with Hemophilia A,"BackgroundEmicizumab is a bispecific monoclonal antibody developed for routine prophylaxis of bleeding in people with hemophilia A (PwHA). This work characterizes the pharmacokinetics of emicizumab in adult and pediatric PwHA, identifies factors contributing to its between-person variabilities, compares the pharmacokinetics following different dosing regimens, and makes a descriptive assessment of the exposure–bleeding events relationship.MethodsA population pharmacokinetic model was developed, using a database of 389 PwHA from five clinical studies. Potential baseline covariate effects were assessed, including body size, age, race, presence of factor VIII inhibitors, and albumin levels. Using the population pharmacokinetic model, the estimated individual average exposures over the administration period were compared across categories of annualized bleeding rate.ResultsA linear one-compartment model with first-order absorption and elimination processes and no lag time best described the emicizumab pharmacokinetics. Body weight, albumin levels, age, and black race were statistically correlated with primary pharmacokinetic parameters, but only body weight had an important influence on exposure. Dosing regimens of 1.5 mg/kg weekly, 3 mg/kg every 2 weeks, or 6 mg/kg every 4 weeks provided similar average concentrations at steady state. A trend for lower exposure was observed in the small proportion of PwHA having an annualized bleeding rate > 4 (11.9%), suggesting that reducing exposure to lower levels may potentially increase the bleeding risk.ConclusionsEmicizumab pharmacokinetics in PwHA was described with dose-independent parameters. Body weight was an important predictor of emicizumab pharmacokinetics. All three dosing regimens are predicted to achieve similar exposure associated with clinically meaningful prevention of bleeding.",1,0.99,jev-1.13.0,934.0,20.0,0.2524963000323623,
