record_id,label_included,jev_probability,jev_model,abstract_available,input_tokens,output_tokens,latency_seconds
https://openalex.org/w2278365462,1,0.94,jev-1.13.0,True,599,20,0.8574646000051871
https://openalex.org/w1565617506,0,0.47,jev-1.13.0,True,689,20,0.279973900062032
https://openalex.org/w1586981128,0,0.07,jev-1.13.0,True,836,20,0.3014784000115469
https://openalex.org/w1968800426,0,0.07,jev-1.13.0,True,896,20,0.3414884000085294
https://openalex.org/w1987786669,0,0.25,jev-1.13.0,True,879,20,0.3070944999344647
https://openalex.org/w2423293822,0,0.37,jev-1.13.0,True,744,20,0.8254041000036523
https://openalex.org/w2554448004,0,0.49,jev-1.13.0,True,1495,20,0.3305115000111982
https://openalex.org/w2777949068,0,0.62,jev-1.13.0,True,807,20,0.3073822000296786
https://openalex.org/w2984064738,0,0.13,jev-1.13.0,True,1407,20,0.3135758000425994
https://openalex.org/w2740901087,0,0.37,jev-1.13.0,True,817,20,0.3744843000313267
https://openalex.org/w3029662700,0,0.23,jev-1.13.0,True,863,20,0.3161747000413015
https://openalex.org/w2400928773,1,0.97,jev-1.13.0,True,1012,20,0.2678264999995008
https://openalex.org/w2901699979,0,0.68,jev-1.13.0,True,978,20,0.3942393999313935
https://openalex.org/w2582019511,0,0.44,jev-1.13.0,True,1835,20,0.3199353999225423
https://openalex.org/w2915849959,0,0.81,jev-1.13.0,True,1816,20,0.2943972999928519
https://openalex.org/w2765207681,0,0.08,jev-1.13.0,True,904,20,0.3360511000500992
https://openalex.org/w2040765285,0,0.55,jev-1.13.0,True,868,20,0.2660998000064865
https://openalex.org/w2986457830,0,0.52,jev-1.13.0,True,1868,20,0.3185628000646829
https://openalex.org/w3003053451,0,0.07,jev-1.13.0,True,980,20,0.2840922999894246
https://openalex.org/w2987203845,0,0.16,jev-1.13.0,True,1573,20,0.3088756999932229
https://openalex.org/w2980436529,0,0.14,jev-1.13.0,True,1394,20,0.3112501000287011
https://openalex.org/w2581647838,0,0.16,jev-1.13.0,True,1448,20,0.2786051000002771
https://openalex.org/w2905598595,0,0.05,jev-1.13.0,True,788,20,0.3640261000255123
https://openalex.org/w2898177153,0,0.23,jev-1.13.0,True,1071,20,0.2849594999570399
https://openalex.org/w2906587557,0,0.23,jev-1.13.0,True,1039,20,0.3029111999785527
https://openalex.org/w2857500415,0,0.13,jev-1.13.0,True,791,20,0.2756894999183714
https://openalex.org/w2991269818,0,0.25,jev-1.13.0,True,1665,20,0.3090351999271661
https://openalex.org/w2810278106,0,0.17,jev-1.13.0,True,632,20,0.2862618999788537
https://openalex.org/w4236939419,0,0.43,jev-1.13.0,True,782,20,0.3152431999333203
https://openalex.org/w2560438049,0,0.04,jev-1.13.0,True,1031,20,0.3132653000066057
https://openalex.org/w2966381410,0,0.27,jev-1.13.0,True,873,20,0.2848010000307113
https://openalex.org/w3007966250,0,0.7,jev-1.13.0,False,519,20,0.3469612000044435
https://openalex.org/w2468929266,0,0.75,jev-1.13.0,True,2001,20,0.3424554999219253
https://openalex.org/w3042356573,0,0.38,jev-1.13.0,True,801,20,0.3058539000339806
https://openalex.org/w2460147600,0,0.42,jev-1.13.0,True,863,20,0.2758047999814152
https://openalex.org/w3034093413,1,0.98,jev-1.13.0,True,928,20,0.2748809999320656
https://openalex.org/w3016659443,0,0.15,jev-1.13.0,True,763,20,0.7690227000275627
https://openalex.org/w2875545858,0,0.07,jev-1.13.0,True,551,20,0.2739093999844044
https://openalex.org/w2805799263,0,0.33,jev-1.13.0,True,681,20,0.2853062000358477
https://openalex.org/w3004109358,0,0.52,jev-1.13.0,True,952,20,0.2662002999568358
https://openalex.org/w3015502221,0,0.26,jev-1.13.0,True,1459,20,0.3288379999576136
https://openalex.org/w2940425658,0,0.35,jev-1.13.0,True,752,20,0.2855790000176057
https://openalex.org/w3215501634,0,0.06,jev-1.13.0,True,1226,20,0.2844801000319421
https://openalex.org/w4234050051,0,0.77,jev-1.13.0,False,503,20,0.2696704999543726
https://openalex.org/w4238341369,0,0.51,jev-1.13.0,True,1160,20,0.2964646999025717
https://openalex.org/w2899500116,0,0.86,jev-1.13.0,True,1030,20,0.3090037999209016
https://openalex.org/w2988935613,0,0.48,jev-1.13.0,True,794,20,0.2963765999302268
https://openalex.org/w2936143155,1,0.98,jev-1.13.0,True,1365,20,0.2764743000734597
https://openalex.org/w2901613838,0,0.29,jev-1.13.0,True,813,20,0.2775317999767139
https://openalex.org/w2901294079,0,0.26,jev-1.13.0,True,874,20,0.2644961999030784
https://openalex.org/w2900961902,0,0.52,jev-1.13.0,True,779,20,0.3411828000098467
https://openalex.org/w2766748635,0,0.23,jev-1.13.0,True,790,20,0.2903140999842435
https://openalex.org/w2784786061,0,0.98,jev-1.13.0,True,2937,20,0.2969551999121904
https://openalex.org/w3094025934,1,0.98,jev-1.13.0,True,982,20,0.2789686999749392
https://openalex.org/w2026336161,0,0.23,jev-1.13.0,True,960,20,0.2718547999393195
https://openalex.org/w2267087160,0,0.93,jev-1.13.0,True,1757,20,0.313739699893631
https://openalex.org/w2994883871,0,0.11,jev-1.13.0,True,1084,20,0.3048022999428212
https://openalex.org/w2971488835,0,0.26,jev-1.13.0,True,1213,20,0.3137619999470189
https://openalex.org/w4241543371,0,0.3,jev-1.13.0,True,891,20,0.252155700000003
https://openalex.org/w2610701591,0,0.35,jev-1.13.0,True,834,20,0.2533878999529406
https://openalex.org/w3009441212,0,0.07,jev-1.13.0,True,885,20,0.3193367000203579
https://openalex.org/w4245065482,0,0.88,jev-1.13.0,True,1176,20,0.2798875999869779
https://openalex.org/w2580018851,0,0.81,jev-1.13.0,True,770,20,0.2904962999746203
https://openalex.org/w2920167286,0,0.18,jev-1.13.0,True,1588,20,0.2857399999629706
https://openalex.org/w2908874168,0,0.25,jev-1.13.0,True,1550,20,0.2909846999682486
https://openalex.org/w3011770026,0,0.52,jev-1.13.0,True,939,20,0.3464091999921947
https://openalex.org/w3016241183,0,0.41,jev-1.13.0,True,893,20,0.2877722000703215
https://openalex.org/w2500736086,0,0.08,jev-1.13.0,True,1055,20,0.3026765999384224
https://openalex.org/w2518847837,0,0.94,jev-1.13.0,True,2084,20,0.3610288000199944
https://openalex.org/w2774587119,0,0.04,jev-1.13.0,True,962,20,0.2753675000276416
https://openalex.org/w3016428066,1,0.88,jev-1.13.0,False,518,20,0.2942201000405475
https://openalex.org/w4250752666,0,0.14,jev-1.13.0,True,699,20,0.2802611000370234
https://openalex.org/w2920811089,0,0.33,jev-1.13.0,True,1159,20,0.2914164999965578
https://openalex.org/w3046170337,0,0.41,jev-1.13.0,True,828,20,0.3075729999691248
https://openalex.org/w2936584566,0,0.87,jev-1.13.0,False,513,20,0.3313619999680668
https://openalex.org/w4230805169,0,0.22,jev-1.13.0,True,1259,20,0.2651939000934362
https://openalex.org/w4313421986,0,0.34,jev-1.13.0,True,764,20,0.277662199921906
https://openalex.org/w3006620258,0,0.34,jev-1.13.0,True,789,20,0.2822962000500411
https://openalex.org/w2953818448,0,0.2,jev-1.13.0,True,1093,20,0.3217246000422165
https://openalex.org/w2898069252,0,0.36,jev-1.13.0,True,513,20,0.2824688999680802
https://openalex.org/w4247975056,0,0.45,jev-1.13.0,True,802,20,0.323881599935703
https://openalex.org/w4288083134,0,0.48,jev-1.13.0,True,1146,20,0.2920180999208241
https://openalex.org/w3027531004,0,0.3,jev-1.13.0,True,929,20,0.3282739999704063
https://openalex.org/w3021441237,0,0.81,jev-1.13.0,True,2448,20,0.2657163999974727
https://openalex.org/w2996135646,0,0.19,jev-1.13.0,True,1135,20,0.3218112000031397
https://openalex.org/w3021084420,0,0.6,jev-1.13.0,False,523,20,0.2955228000646457
https://openalex.org/w4288316573,0,0.23,jev-1.13.0,True,1004,20,0.3835160000016913
https://openalex.org/w2988943167,0,0.18,jev-1.13.0,True,1532,20,0.3365962000098079
https://openalex.org/w2986628110,0,0.26,jev-1.13.0,True,1930,20,0.2839075999800116
https://openalex.org/w2906655433,0,0.15,jev-1.13.0,True,1044,20,0.3026801999658346
https://openalex.org/w2945231072,0,0.56,jev-1.13.0,True,804,20,0.3190402999753132
https://openalex.org/w3094027310,0,0.19,jev-1.13.0,True,682,20,0.2862066000234335
https://openalex.org/w3042667920,1,0.91,jev-1.13.0,True,827,20,0.3215761999599635
https://openalex.org/w2573405747,0,0.88,jev-1.13.0,True,1045,20,0.2985568000003695
https://openalex.org/w2968825089,0,0.32,jev-1.13.0,True,640,20,0.2836281999479979
https://openalex.org/w4242520775,0,0.2,jev-1.13.0,True,1065,20,0.2594752999721095
https://openalex.org/w2800065495,0,0.29,jev-1.13.0,True,1079,20,0.2881875999737531
https://openalex.org/w2980834985,0,0.65,jev-1.13.0,True,1332,20,0.2775722000515088
https://openalex.org/w4245118430,0,0.16,jev-1.13.0,False,503,20,0.3062773999990895
https://openalex.org/w2963804512,0,0.16,jev-1.13.0,True,691,20,0.2955378999467939
https://openalex.org/w2980986601,0,0.2,jev-1.13.0,True,1523,20,0.2907304000109434
https://openalex.org/w3028455363,1,0.98,jev-1.13.0,True,842,20,0.3209683999884873
https://openalex.org/w2908456326,0,0.36,jev-1.13.0,True,1698,20,0.2828834999818355
https://openalex.org/w2983057487,0,0.24,jev-1.13.0,True,1954,20,0.2754336000652984
https://openalex.org/w2806905912,0,0.31,jev-1.13.0,True,699,20,0.2960982000222429
https://openalex.org/w2899483464,0,0.13,jev-1.13.0,True,1532,20,0.3043629000894725
https://openalex.org/w2789183584,0,0.18,jev-1.13.0,True,2848,20,0.2948495000600815
https://openalex.org/w4256472457,0,0.45,jev-1.13.0,True,1218,20,0.3154592999489978
https://openalex.org/w2989075726,0,0.48,jev-1.13.0,True,1661,20,0.3099520000396296
https://openalex.org/w2808215790,0,0.1,jev-1.13.0,True,1081,20,0.2831577999750152
https://openalex.org/w2946472167,0,0.94,jev-1.13.0,True,1008,20,0.3119488999946043
https://openalex.org/w2002307029,0,0.68,jev-1.13.0,True,817,20,0.3058431999525055
https://openalex.org/w4249455926,0,0.38,jev-1.13.0,True,951,20,0.301772000035271
https://openalex.org/w2940020323,0,0.43,jev-1.13.0,True,958,20,0.3019850000273436
https://openalex.org/w2971778387,0,0.69,jev-1.13.0,True,1818,20,0.2784463999560103
https://openalex.org/w2898408199,0,0.73,jev-1.13.0,True,702,20,0.3074624999426305
https://openalex.org/w2947378035,0,0.84,jev-1.13.0,True,779,20,0.3057853000937029
https://openalex.org/w3003225509,0,0.26,jev-1.13.0,True,765,20,0.292973899981007
https://openalex.org/w2907438831,0,0.1,jev-1.13.0,True,613,20,0.2591067999601364
https://openalex.org/w3042456428,0,0.12,jev-1.13.0,True,881,20,0.3318935999413952
https://openalex.org/w3083386827,0,0.18,jev-1.13.0,True,1094,20,0.2778015000512823
https://openalex.org/w3022425490,0,0.88,jev-1.13.0,True,907,20,0.3089440999319777
https://openalex.org/w2933144012,0,0.12,jev-1.13.0,True,522,20,0.3016388999531045
https://openalex.org/w4292655696,0,0.84,jev-1.13.0,True,944,20,0.2909880999941379
https://openalex.org/w2936825025,0,0.12,jev-1.13.0,True,788,20,0.2869527000002563
https://openalex.org/w2991457121,0,0.16,jev-1.13.0,True,1994,20,0.3157549999887123
https://openalex.org/w2999005745,0,0.1,jev-1.13.0,True,1002,20,0.2869429000420496
https://openalex.org/w2609215705,0,0.38,jev-1.13.0,True,1002,20,0.3108349000103771
https://openalex.org/w2914044482,0,0.55,jev-1.13.0,True,1544,20,0.3015017999568954
https://openalex.org/w2772289727,1,0.94,jev-1.13.0,True,913,20,0.2873597999569028
https://openalex.org/w3091442079,0,0.21,jev-1.13.0,True,921,20,0.2903160999994725
https://openalex.org/w2942890025,0,0.62,jev-1.13.0,True,750,20,0.2731467999983579
https://openalex.org/w2947951528,0,0.36,jev-1.13.0,True,841,20,0.257107499986887
https://openalex.org/w2951227459,0,0.38,jev-1.13.0,True,768,20,0.2856465999502688
https://openalex.org/w2805379977,0,0.21,jev-1.13.0,True,759,20,0.3995185999665409
https://openalex.org/w3016168752,0,0.33,jev-1.13.0,True,633,20,0.2756442999234423
https://openalex.org/w2965197209,0,0.37,jev-1.13.0,True,1431,20,0.2941897999262437
https://openalex.org/w2086294372,0,0.13,jev-1.13.0,True,844,20,0.289025800069794
https://openalex.org/w2988516289,0,0.2,jev-1.13.0,True,923,20,0.3104547999100759
https://openalex.org/w3009216247,0,0.35,jev-1.13.0,True,867,20,0.2984923000913113
https://openalex.org/w2791610452,0,0.04,jev-1.13.0,True,914,20,0.284444999997504
https://openalex.org/w2906676054,0,0.14,jev-1.13.0,True,1115,20,0.3261283999308944
https://openalex.org/w2997692976,0,0.26,jev-1.13.0,True,684,20,0.2636843000072986
https://openalex.org/w2556263512,0,0.92,jev-1.13.0,True,846,20,0.2972636999329552
https://openalex.org/w2910754674,0,0.14,jev-1.13.0,True,2631,20,0.2879167000064626
https://openalex.org/w2901688346,0,0.13,jev-1.13.0,True,721,20,0.3142188999336213
https://openalex.org/w2974663101,0,0.38,jev-1.13.0,True,816,20,0.2873198000015691
https://openalex.org/w2989435469,0,0.22,jev-1.13.0,True,1570,20,0.336860500043258
https://openalex.org/w2954123426,0,0.81,jev-1.13.0,True,907,20,0.2733396999537945
https://openalex.org/w2980900975,1,0.58,jev-1.13.0,True,581,20,0.3069628000957891
https://openalex.org/w2989315638,0,0.16,jev-1.13.0,True,1179,20,0.2765925999265164
https://openalex.org/w2983240095,0,0.21,jev-1.13.0,True,1534,20,0.2697597000515088
https://openalex.org/w3033535873,0,0.76,jev-1.13.0,True,790,20,0.299403200042434
https://openalex.org/w2799837940,0,0.11,jev-1.13.0,True,723,20,0.2955830000573769
https://openalex.org/w2914545208,0,0.8,jev-1.13.0,False,524,20,0.3223729999735951
https://openalex.org/w2805015450,0,0.32,jev-1.13.0,True,624,20,0.2598242999520153
https://openalex.org/w3003302859,0,0.35,jev-1.13.0,True,774,20,0.3311465999577194
https://openalex.org/w3097094017,0,0.49,jev-1.13.0,True,951,20,0.289003900019452
https://openalex.org/w2560559367,0,0.3,jev-1.13.0,True,1163,20,0.2689356999471783
https://openalex.org/w2965801598,0,0.25,jev-1.13.0,True,1289,20,0.3419571000849828
https://openalex.org/w2896093944,0,0.54,jev-1.13.0,True,719,20,0.2779395999386906
https://openalex.org/w2949083906,0,0.41,jev-1.13.0,True,894,20,0.3072322000516578
https://openalex.org/w2804855588,0,0.44,jev-1.13.0,True,742,20,0.3156958000035956
https://openalex.org/w2912536780,0,0.45,jev-1.13.0,True,775,20,0.2748468000208959
https://openalex.org/w3029400735,0,0.24,jev-1.13.0,True,1303,20,0.3157578000100329
https://openalex.org/w3022941485,0,0.11,jev-1.13.0,True,775,20,0.284039199934341
https://openalex.org/w2986320718,0,0.15,jev-1.13.0,True,1646,20,0.3055479000322521
https://openalex.org/w2921337948,0,0.75,jev-1.13.0,True,1225,20,0.2962657999014482
https://openalex.org/w3125873102,0,0.09,jev-1.13.0,True,976,20,0.3073840000433847
https://openalex.org/w2982717082,0,0.13,jev-1.13.0,True,1509,20,0.2923182999948039
https://openalex.org/w2804623308,0,0.81,jev-1.13.0,True,1103,20,0.2767888000234961
https://openalex.org/w4241434420,0,0.88,jev-1.13.0,True,1400,20,0.283780200057663
https://openalex.org/w2888199726,0,0.44,jev-1.13.0,True,874,20,0.2840932999970391
https://openalex.org/w2956017598,0,0.32,jev-1.13.0,True,692,20,0.2678687999723479
https://openalex.org/w3008694552,0,0.07,jev-1.13.0,True,706,20,0.2907145000062883
https://openalex.org/w3007930207,0,0.2,jev-1.13.0,True,830,20,0.2931846000719815
https://openalex.org/w2541924133,0,0.1,jev-1.13.0,True,1001,20,0.2690730999456718
https://openalex.org/w2996106465,0,0.14,jev-1.13.0,True,973,20,0.2719207999762147
https://openalex.org/w2971405315,0,0.5,jev-1.13.0,True,1823,20,0.2661130999913439
https://openalex.org/w2441763368,0,0.04,jev-1.13.0,True,1237,20,0.306167299975641
https://openalex.org/w2911996910,0,0.24,jev-1.13.0,True,1735,20,0.271513000014238
https://openalex.org/w2734287351,1,0.41,jev-1.13.0,True,1098,20,0.2822939000325277
https://openalex.org/w2972622655,0,0.63,jev-1.13.0,True,612,20,0.2772229999536648
https://openalex.org/w2911203695,0,0.62,jev-1.13.0,True,1722,20,0.3182917999802157
https://openalex.org/w2989119914,0,0.12,jev-1.13.0,True,1706,20,0.3268516999669373
https://openalex.org/w3047889023,0,0.65,jev-1.13.0,True,998,20,0.3339721999363974
https://openalex.org/w2921022486,0,0.89,jev-1.13.0,True,1184,20,0.2735952000366524
https://openalex.org/w2902668879,0,0.46,jev-1.13.0,True,2072,20,0.2812825998989865
https://openalex.org/w2991761618,0,0.07,jev-1.13.0,True,830,20,0.2854389999993145
https://openalex.org/w2888597211,0,0.3,jev-1.13.0,True,901,20,0.2871049999957904
https://openalex.org/w2802180749,0,0.28,jev-1.13.0,True,655,20,0.7562039999756962
https://openalex.org/w2011766387,0,0.34,jev-1.13.0,True,974,20,0.3018902000039816
https://openalex.org/w4230307904,0,0.74,jev-1.13.0,True,1119,20,0.3815333000384271
https://openalex.org/w3003875520,0,0.35,jev-1.13.0,True,767,20,0.2955687999492511
https://openalex.org/w3048293894,0,0.13,jev-1.13.0,True,654,20,0.3451037000631913
https://openalex.org/w2795399155,0,0.19,jev-1.13.0,True,564,20,0.2808384000090882
https://openalex.org/w2326483115,0,0.16,jev-1.13.0,True,720,20,0.3501366999698803
https://openalex.org/w2990522660,0,0.79,jev-1.13.0,True,1121,20,0.2902448000386357
https://openalex.org/w2999958881,0,0.09,jev-1.13.0,True,813,20,0.299055999959819
https://openalex.org/w2790596574,0,0.6,jev-1.13.0,True,665,20,0.283859199960716
https://openalex.org/w4256669938,0,0.7,jev-1.13.0,False,528,20,0.2973670000210404
https://openalex.org/w2955601811,0,0.37,jev-1.13.0,True,988,20,0.3059666999615729
https://openalex.org/w2903935895,0,0.52,jev-1.13.0,True,760,20,0.2858727000420913
https://openalex.org/w2909006709,0,0.46,jev-1.13.0,True,1230,20,0.330747399944812
https://openalex.org/w4234691976,0,0.64,jev-1.13.0,True,1182,20,0.2626816000556573
https://openalex.org/w2003640296,0,0.7,jev-1.13.0,True,991,20,0.2971328999847173
https://openalex.org/w2524295027,0,0.05,jev-1.13.0,True,1090,20,0.2955218000570312
https://openalex.org/w3142726662,0,0.25,jev-1.13.0,True,996,20,0.2784110000357032
https://openalex.org/w2407173619,0,0.91,jev-1.13.0,True,871,20,0.2729029000038281
https://openalex.org/w2805898375,0,0.37,jev-1.13.0,True,835,20,0.3018797000404447
https://openalex.org/w2495382241,0,0.57,jev-1.13.0,True,772,20,0.3159687999868765
https://openalex.org/w2258463614,0,0.65,jev-1.13.0,True,830,20,0.298397000064142
https://openalex.org/w4232442131,0,0.98,jev-1.13.0,True,1108,20,0.2753986000316217
https://openalex.org/w2949353353,0,0.14,jev-1.13.0,True,1683,20,0.264137199963443
https://openalex.org/w2966185340,0,0.29,jev-1.13.0,True,800,20,0.245495600043796
https://openalex.org/w4298364213,0,0.29,jev-1.13.0,True,1137,20,0.3292735000140965
https://openalex.org/w2551116473,0,0.87,jev-1.13.0,True,1007,20,0.2753044000128284
https://openalex.org/w2988108855,0,0.14,jev-1.13.0,True,1872,20,0.2800411999924108
https://openalex.org/w2761090763,0,0.35,jev-1.13.0,True,612,20,0.2784478000830859
https://openalex.org/w2973319075,0,0.27,jev-1.13.0,True,1544,20,0.2775294000748545
https://openalex.org/w2983834993,0,0.95,jev-1.13.0,True,1724,20,0.2730163000524044
https://openalex.org/w2935499421,0,0.47,jev-1.13.0,True,651,20,0.2670481000095606
https://openalex.org/w2890442696,1,0.98,jev-1.13.0,True,976,20,0.3069604999618605
https://openalex.org/w2789604711,0,0.47,jev-1.13.0,True,711,20,0.3112540999427438
https://openalex.org/w2795082701,0,0.45,jev-1.13.0,True,741,20,0.297010299982503
https://openalex.org/w4238923891,0,0.93,jev-1.13.0,True,940,20,0.3008888999465853
https://openalex.org/w3029688610,0,0.39,jev-1.13.0,True,791,20,0.3029402999673038
https://openalex.org/w3029074589,0,0.39,jev-1.13.0,True,839,20,0.2863531999755651
https://openalex.org/w2538127869,0,0.32,jev-1.13.0,True,829,20,0.2658007999416441
https://openalex.org/w3026643682,0,0.13,jev-1.13.0,True,1032,20,0.2731073000468313
https://openalex.org/w2989582015,0,0.32,jev-1.13.0,True,945,20,0.3195793000049889
https://openalex.org/w2943226571,0,0.35,jev-1.13.0,True,557,20,0.3066981000592932
https://openalex.org/w2983389533,0,0.39,jev-1.13.0,True,654,20,0.2803142999764532
https://openalex.org/w2986546258,0,0.17,jev-1.13.0,True,1520,20,0.3156803000019863
https://openalex.org/w3023857297,0,0.06,jev-1.13.0,True,697,20,0.292493800050579
https://openalex.org/w2972682000,1,0.94,jev-1.13.0,True,988,20,0.3073020000010729
https://openalex.org/w2888898681,1,0.33,jev-1.13.0,True,1166,20,0.7595352999633178
https://openalex.org/w2145954506,0,0.14,jev-1.13.0,True,822,20,0.2849050000077113
https://openalex.org/w3004952421,0,0.31,jev-1.13.0,True,874,20,0.2609564000740647
https://openalex.org/w2915870000,0,0.22,jev-1.13.0,True,1129,20,0.2747392000164836
https://openalex.org/w2915163461,0,0.25,jev-1.13.0,True,1124,20,0.2832639999687671
https://openalex.org/w2800204431,0,0.57,jev-1.13.0,True,618,20,0.3148880000226199
https://openalex.org/w2770845897,0,0.04,jev-1.13.0,True,960,20,0.2904742000391707
https://openalex.org/w3004029718,0,0.32,jev-1.13.0,True,725,20,0.3269485000055283
https://openalex.org/w2892811509,0,0.32,jev-1.13.0,True,865,20,0.2642008999828249
https://openalex.org/w2982214470,0,0.3,jev-1.13.0,True,792,20,0.2973412000574171
https://openalex.org/w2911337489,0,0.92,jev-1.13.0,True,1535,20,0.2905152000021189
https://openalex.org/w2760006373,1,0.38,jev-1.13.0,True,583,20,0.3044867999851703
https://openalex.org/w2911739559,0,0.23,jev-1.13.0,True,1070,20,0.2842529999325052
https://openalex.org/w2971714536,0,0.71,jev-1.13.0,True,588,20,0.7654341000597924
https://openalex.org/w3011636780,0,0.13,jev-1.13.0,True,667,20,0.2881887999828905
https://openalex.org/w2976285377,0,0.06,jev-1.13.0,True,684,20,0.3015444000484422
https://openalex.org/w2534324784,0,0.4,jev-1.13.0,True,1594,20,0.3464060999685898
https://openalex.org/w2973681494,0,0.47,jev-1.13.0,True,750,20,0.268915000022389
https://openalex.org/w2945243639,0,0.32,jev-1.13.0,True,998,20,0.2630042999517172
https://openalex.org/w2765359511,0,0.42,jev-1.13.0,True,983,20,0.2973563999403268
https://openalex.org/w3037252784,0,0.71,jev-1.13.0,True,558,20,0.2954266000306234
https://openalex.org/w2610167700,0,0.09,jev-1.13.0,True,673,20,0.2818872999632731
