review_id,total_records,number_relevant,prevalence,MAP,Recall@5%,Recall@10%,Recall@20%,Recall@50%,rank_95_recall,records_screened_to_95,workload_reduction_at_95,WSS@95,rank_of_last_relevant,WSS@100,fixed_0.50_recall,fixed_0.50_retained,fixed_0.50_workload_reduction,post_hoc_oracle_100_threshold,dataset
CD008874,2382,118,0.04953820319059614,0.48044367972010554,0.4322033898305085,0.6186440677966102,0.8135593220338984,1.0,837,837,0.6486146095717884,0.5986146095717884,1047,0.5604534005037783,0.652542372881356,269,0.8870696893366918,0.07,rerun_all
CD009044,3169,11,0.0034711265383401703,0.5018574839971123,0.8181818181818182,1.0,1.0,1.0,225,225,0.9289996844430419,0.8789996844430419,225,0.9289996844430419,0.7272727272727273,38,0.9880088355948249,0.15,rerun_all
CD011686,9729,64,0.006578271148113887,0.09439034194684268,0.296875,0.671875,0.9375,1.0,1999,1999,0.7945318121081304,0.7445318121081304,3410,0.6495014903895571,0.09375,67,0.9931133723918183,0.05,rerun_all
CD012080,6643,77,0.011591148577449948,0.17622478039295636,0.5454545454545454,0.8701298701298701,1.0,1.0,1065,1065,0.8396808670781274,0.7896808670781273,1318,0.8015956646093633,0.8701298701298701,829,0.8752069847960259,0.23,rerun_all
CD012233,472,43,0.09110169491525423,0.39335488197898216,0.2558139534883721,0.4883720930232558,0.6744186046511628,0.9069767441860465,272,272,0.423728813559322,0.373728813559322,358,0.24152542372881358,0.6511627906976745,87,0.815677966101695,0.09,rerun_all
CD012567,6735,11,0.0016332590942835933,0.39149086160723373,1.0,1.0,1.0,1.0,163,163,0.9757980697847067,0.9257980697847067,163,0.9757980697847067,0.9090909090909091,92,0.98634001484781,0.38,rerun_all
CD012669,1260,71,0.05634920634920635,0.3030886764745719,0.2535211267605634,0.5211267605633803,0.8591549295774648,0.9577464788732394,487,487,0.6134920634920635,0.5634920634920635,816,0.35238095238095235,0.9154929577464789,346,0.7253968253968254,0.08,rerun_all
CD012768,131,45,0.3435114503816794,0.5853287282595245,0.13333333333333333,0.2,0.37777777777777777,0.7333333333333333,102,102,0.22137404580152675,0.17137404580152676,109,0.16793893129770987,0.8888888888888888,96,0.26717557251908397,0.25,rerun_all
CD008874,1799,114,0.06336853807670928,0.6330598148872602,0.49122807017543857,0.7456140350877193,0.9473684210526315,1.0,361,361,0.7993329627570873,0.7493329627570873,497,0.7237354085603113,0.6403508771929824,135,0.924958310172318,0.07,rerun_abstract_available
CD009044,3120,11,0.0035256410256410257,0.6135725973730074,0.9090909090909091,1.0,1.0,1.0,190,190,0.9391025641025641,0.889102564102564,190,0.9391025641025641,0.7272727272727273,23,0.9926282051282052,0.15,rerun_abstract_available
CD011686,8032,63,0.007843625498007968,0.23853136255296956,0.8253968253968254,0.9523809523809523,0.9682539682539683,1.0,698,698,0.913097609561753,0.863097609561753,1768,0.7798804780876494,0.07936507936507936,16,0.99800796812749,0.05,rerun_abstract_available
CD012080,6314,73,0.011561609122584733,0.21996179171104263,0.684931506849315,0.863013698630137,1.0,1.0,858,858,0.8641114982578397,0.8141114982578397,1073,0.8300601837187203,0.863013698630137,644,0.8980044345898004,0.23,rerun_abstract_available
CD012233,430,38,0.08837209302325581,0.45426189901671954,0.3157894736842105,0.5526315789473685,0.7368421052631579,0.9210526315789473,302,302,0.29767441860465116,0.24767441860465117,316,0.2651162790697674,0.631578947368421,63,0.8534883720930233,0.09,rerun_abstract_available
CD012567,5863,11,0.001876172607879925,0.528841153701192,1.0,1.0,1.0,1.0,79,79,0.9865256694524988,0.9365256694524987,79,0.9865256694524988,0.9090909090909091,43,0.9926658707146512,0.38,rerun_abstract_available
CD012669,1155,70,0.06060606060606061,0.3329738651230004,0.2714285714285714,0.5428571428571428,0.8857142857142857,0.9571428571428572,407,407,0.6476190476190475,0.5976190476190475,717,0.37922077922077924,0.9142857142857143,282,0.7558441558441559,0.08,rerun_abstract_available
CD012768,119,43,0.36134453781512604,0.6369381349522807,0.11627906976744186,0.20930232558139536,0.3953488372093023,0.7441860465116279,90,90,0.24369747899159666,0.19369747899159667,97,0.18487394957983194,0.8837209302325582,84,0.29411764705882354,0.25,rerun_abstract_available
CD008874,2382,118,0.04953820319059614,0.5008449583809265,0.4491525423728814,0.635593220338983,0.8813559322033898,1.0,708,708,0.7027707808564232,0.6527707808564231,865,0.6368597816960537,0.6440677966101694,247,0.8963056255247691,0.11,previous_all
CD009044,3169,11,0.0034711265383401703,0.548209050451878,0.9090909090909091,0.9090909090909091,1.0,1.0,563,563,0.8223414326285895,0.7723414326285895,563,0.8223414326285895,0.7272727272727273,29,0.9908488482171032,0.1,previous_all
CD011686,9729,64,0.006578271148113887,0.095832948099597,0.515625,0.703125,0.90625,0.984375,2884,2884,0.703566656388118,0.653566656388118,6063,0.37681159420289856,0.109375,54,0.9944495837187789,0.05,previous_all
CD012080,6643,77,0.011591148577449948,0.20375889787933904,0.6103896103896104,0.8831168831168831,0.974025974025974,1.0,1127,1127,0.8303477344573235,0.7803477344573234,2036,0.6935119674845702,0.9090909090909091,784,0.8819810326659642,0.14,previous_all
CD012233,472,43,0.09110169491525423,0.4646634576216226,0.32558139534883723,0.5348837209302325,0.7209302325581395,0.9302325581395349,298,298,0.3686440677966102,0.3186440677966102,351,0.2563559322033898,0.6744186046511628,81,0.8283898305084746,0.1,previous_all
CD012567,6735,11,0.0016332590942835933,0.3494537270065956,1.0,1.0,1.0,1.0,192,192,0.9714922048997773,0.9214922048997772,192,0.9714922048997773,0.8181818181818182,69,0.9897550111358575,0.32,previous_all
CD012669,1260,71,0.05634920634920635,0.3641053824244601,0.352112676056338,0.5915492957746479,0.8591549295774648,0.9577464788732394,488,488,0.6126984126984127,0.5626984126984127,734,0.4174603174603174,0.8732394366197183,321,0.7452380952380953,0.13,previous_all
CD012768,131,45,0.3435114503816794,0.5500574498299654,0.06666666666666667,0.2,0.35555555555555557,0.7333333333333333,90,90,0.3129770992366412,0.2629770992366412,99,0.2442748091603053,0.9333333333333333,85,0.3511450381679389,0.35,previous_all
CD008874,1799,114,0.06336853807670928,0.6292397069137429,0.47368421052631576,0.7456140350877193,0.956140350877193,1.0,341,341,0.8104502501389661,0.760450250138966,424,0.7643135075041689,0.6491228070175439,138,0.9232907170650362,0.11,previous_abstract_available
CD009044,3120,11,0.0035256410256410257,0.5793087979621977,0.9090909090909091,0.9090909090909091,1.0,1.0,526,526,0.8314102564102563,0.7814102564102563,526,0.8314102564102563,0.7272727272727273,24,0.9923076923076923,0.1,previous_abstract_available
CD011686,8032,63,0.007843625498007968,0.3322288237975246,0.746031746031746,0.9047619047619048,0.9523809523809523,0.9841269841269841,1577,1577,0.803660358565737,0.753660358565737,4402,0.4519422310756972,0.09523809523809523,10,0.9987549800796812,0.05,previous_abstract_available
CD012080,6314,73,0.011561609122584733,0.21509645422368082,0.6301369863013698,0.9041095890410958,0.9863013698630136,1.0,944,944,0.850490972442192,0.8004909724421919,1781,0.7179284130503643,0.9178082191780822,657,0.8959455178967374,0.14,previous_abstract_available
CD012233,430,38,0.08837209302325581,0.5076060981202677,0.3684210526315789,0.631578947368421,0.6842105263157895,0.9210526315789473,291,291,0.32325581395348835,0.27325581395348836,310,0.2790697674418605,0.6578947368421053,58,0.8651162790697674,0.1,previous_abstract_available
CD012567,5863,11,0.001876172607879925,0.44870815813479914,1.0,1.0,1.0,1.0,106,106,0.9819205185058844,0.9319205185058843,106,0.9819205185058844,0.8181818181818182,39,0.9933481152993349,0.32,previous_abstract_available
CD012669,1155,70,0.06060606060606061,0.37656224711853925,0.3142857142857143,0.5857142857142857,0.8571428571428571,0.9571428571428572,418,418,0.638095238095238,0.588095238095238,646,0.4406926406926407,0.8714285714285714,265,0.7705627705627706,0.13,previous_abstract_available
CD012768,119,43,0.36134453781512604,0.5821976705473229,0.046511627906976744,0.16279069767441862,0.3488372093023256,0.7441860465116279,78,78,0.3445378151260504,0.29453781512605043,87,0.26890756302521013,0.9302325581395349,73,0.3865546218487395,0.35,previous_abstract_available
